年月	地區	性別	食品餐飲類未滿20[筆數]	食品餐飲類未滿20[金額，新台幣]	衣著飾品類未滿20[筆數]	衣著飾品類未滿20[金額，新台幣]	旅館住宿類未滿20[筆數]	旅館住宿類未滿20[金額，新台幣]	交通類未滿20[筆數]	交通類未滿20[金額，新台幣]	文教康樂類未滿20[筆數]	文教康樂類未滿20[金額，新台幣]	百貨類未滿20[筆數]	百貨類未滿20[金額，新台幣]	其他類未滿20[筆數]	其他類未滿20[金額，新台幣]	食品餐飲類20[含]-25[筆數]	食品餐飲類20[含]-25[金額，新台幣]	衣著飾品類20[含]-25[筆數]	衣著飾品類20[含]-25[金額，新台幣]	旅館住宿類20[含]-25[筆數]	旅館住宿類20[含]-25[金額，新台幣]	交通類20[含]-25[筆數]	交通類20[含]-25[金額，新台幣]	文教康樂類20[含]-25[筆數]	文教康樂類20[含]-25[金額，新台幣]	百貨類20[含]-25[筆數]	百貨類20[含]-25[金額，新台幣]	其他類20[含]-25[筆數]	其他類20[含]-25[金額，新台幣]	食品餐飲類25[含]-30[筆數]	食品餐飲類25[含]-30[金額，新台幣]	衣著飾品類25[含]-30[筆數]	衣著飾品類25[含]-30[金額，新台幣]	旅館住宿類25[含]-30[筆數]	旅館住宿類25[含]-30[金額，新台幣]	交通類25[含]-30[筆數]	交通類25[含]-30[金額，新台幣]	文教康樂類25[含]-30[筆數]	文教康樂類25[含]-30[金額，新台幣]	百貨類25[含]-30[筆數]	百貨類25[含]-30[金額，新台幣]	其他類25[含]-30[筆數]	其他類25[含]-30[金額，新台幣]	食品餐飲類30[含]-35[筆數]	食品餐飲類30[含]-35[金額，新台幣]	衣著飾品類30[含]-35[筆數]	衣著飾品類30[含]-35[金額，新台幣]	旅館住宿類30[含]-35[筆數]	旅館住宿類30[含]-35[金額，新台幣]	交通類30[含]-35[筆數]	交通類30[含]-35[金額，新台幣]	文教康樂類30[含]-35[筆數]	文教康樂類30[含]-35[金額，新台幣]	百貨類30[含]-35[筆數]	百貨類30[含]-35[金額，新台幣]	其他類30[含]-35[筆數]	其他類30[含]-35[金額，新台幣]	食品餐飲類35[含]-40[筆數]	食品餐飲類35[含]-40[金額，新台幣]	衣著飾品類35[含]-40[筆數]	衣著飾品類35[含]-40[金額，新台幣]	旅館住宿類35[含]-40[筆數]	旅館住宿類35[含]-40[金額，新台幣]	交通類35[含]-40[筆數]	交通類35[含]-40[金額，新台幣]	文教康樂類35[含]-40[筆數]	文教康樂類35[含]-40[金額，新台幣]	百貨類35[含]-40[筆數]	百貨類35[含]-40[金額，新台幣]	其他類35[含]-40[筆數]	其他類35[含]-40[金額，新台幣]	食品餐飲類40[含]-45[筆數]	食品餐飲類40[含]-45[金額，新台幣]	衣著飾品類40[含]-45[筆數]	衣著飾品類40[含]-45[金額，新台幣]	旅館住宿類40[含]-45[筆數]	旅館住宿類40[含]-45[金額，新台幣]	交通類40[含]-45[筆數]	交通類40[含]-45[金額，新台幣]	文教康樂類40[含]-45[筆數]	文教康樂類40[含]-45[金額，新台幣]	百貨類40[含]-45[筆數]	百貨類40[含]-45[金額，新台幣]	其他類40[含]-45[筆數]	其他類40[含]-45[金額，新台幣]	食品餐飲類45[含]-50[筆數]	食品餐飲類45[含]-50[金額，新台幣]	衣著飾品類45[含]-50[筆數]	衣著飾品類45[含]-50[金額，新台幣]	旅館住宿類45[含]-50[筆數]	旅館住宿類45[含]-50[金額，新台幣]	交通類45[含]-50[筆數]	交通類45[含]-50[金額，新台幣]	文教康樂類45[含]-50[筆數]	文教康樂類45[含]-50[金額，新台幣]	百貨類45[含]-50[筆數]	百貨類45[含]-50[金額，新台幣]	其他類45[含]-50[筆數]	其他類45[含]-50[金額，新台幣]	食品餐飲類50[含]-55[筆數]	食品餐飲類50[含]-55[金額，新台幣]	衣著飾品類50[含]-55[筆數]	衣著飾品類50[含]-55[金額，新台幣]	旅館住宿類50[含]-55[筆數]	旅館住宿類50[含]-55[金額，新台幣]	交通類50[含]-55[筆數]	交通類50[含]-55[金額，新台幣]	文教康樂類50[含]-55[筆數]	文教康樂類50[含]-55[金額，新台幣]	百貨類50[含]-55[筆數]	百貨類50[含]-55[金額，新台幣]	其他類50[含]-55[筆數]	其他類50[含]-55[金額，新台幣]	食品餐飲類55[含]-60[筆數]	食品餐飲類55[含]-60[金額，新台幣]	衣著飾品類55[含]-60[筆數]	衣著飾品類55[含]-60[金額，新台幣]	旅館住宿類55[含]-60[筆數]	旅館住宿類55[含]-60[金額，新台幣]	交通類55[含]-60[筆數]	交通類55[含]-60[金額，新台幣]	文教康樂類55[含]-60[筆數]	文教康樂類55[含]-60[金額，新台幣]	百貨類55[含]-60[筆數]	百貨類55[含]-60[金額，新台幣]	其他類55[含]-60[筆數]	其他類55[含]-60[金額，新台幣]	食品餐飲類60[含]-65[筆數]	食品餐飲類60[含]-65[金額，新台幣]	衣著飾品類60[含]-65[筆數]	衣著飾品類60[含]-65[金額，新台幣]	旅館住宿類60[含]-65[筆數]	旅館住宿類60[含]-65[金額，新台幣]	交通類60[含]-65[筆數]	交通類60[含]-65[金額，新台幣]	文教康樂類60[含]-65[筆數]	文教康樂類60[含]-65[金額，新台幣]	百貨類60[含]-65[筆數]	百貨類60[含]-65[金額，新台幣]	其他類60[含]-65[筆數]	其他類60[含]-65[金額，新台幣]	食品餐飲類65[含]-70[筆數]	食品餐飲類65[含]-70[金額，新台幣]	衣著飾品類65[含]-70[筆數]	衣著飾品類65[含]-70[金額，新台幣]	旅館住宿類65[含]-70[筆數]	旅館住宿類65[含]-70[金額，新台幣]	交通類65[含]-70[筆數]	交通類65[含]-70[金額，新台幣]	文教康樂類65[含]-70[筆數]	文教康樂類65[含]-70[金額，新台幣]	百貨類65[含]-70[筆數]	百貨類65[含]-70[金額，新台幣]	其他類65[含]-70[筆數]	其他類65[含]-70[金額，新台幣]	食品餐飲類70[含]-75[筆數]	食品餐飲類70[含]-75[金額，新台幣]	衣著飾品類70[含]-75[筆數]	衣著飾品類70[含]-75[金額，新台幣]	旅館住宿類70[含]-75[筆數]	旅館住宿類70[含]-75[金額，新台幣]	交通類70[含]-75[筆數]	交通類70[含]-75[金額，新台幣]	文教康樂類70[含]-75[筆數]	文教康樂類70[含]-75[金額，新台幣]	百貨類70[含]-75[筆數]	百貨類70[含]-75[金額，新台幣]	其他類70[含]-75[筆數]	其他類70[含]-75[金額，新台幣]	食品餐飲類75[含]-80[筆數]	食品餐飲類75[含]-80[金額，新台幣]	衣著飾品類75[含]-80[筆數]	衣著飾品類75[含]-80[金額，新台幣]	旅館住宿類75[含]-80[筆數]	旅館住宿類75[含]-80[金額，新台幣]	交通類75[含]-80[筆數]	交通類75[含]-80[金額，新台幣]	文教康樂類75[含]-80[筆數]	文教康樂類75[含]-80[金額，新台幣]	百貨類75[含]-80[筆數]	百貨類75[含]-80[金額，新台幣]	其他類75[含]-80[筆數]	其他類75[含]-80[金額，新台幣]	食品餐飲類80[含]以上[筆數]	食品餐飲類80[含]以上[金額，新台幣]	衣著飾品類80[含]以上[筆數]	衣著飾品類80[含]以上[金額，新台幣]	旅館住宿類80[含]以上[筆數]	旅館住宿類80[含]以上[金額，新台幣]	交通類80[含]以上[筆數]	交通類80[含]以上[金額，新台幣]	文教康樂類80[含]以上[筆數]	文教康樂類80[含]以上[金額，新台幣]	百貨類80[含]以上[筆數]	百貨類80[含]以上[金額，新台幣]	其他類80[含]以上[筆數]	其他類80[含]以上[金額，新台幣]
103年01月	台灣	男性	5057	14105627	1225	3372107	1399	15114120	9903	11119895	3346	23051402	2851	9695287	6225	18070306	79851	103546670	18667	47403285	18020	75727843	181632	128494273	54025	200059365	44335	110021329	117170	300581406	381535	563368341	58913	157935601	89192	365090774	809176	678297010	183141	661289072	191654	550859939	557558	1499585105	771683	1228869324	94407	248068539	179305	792668345	1400125	1378088814	261736	1131766853	349086	980815983	1086762	3043514714	937626	1600952844	98961	254413214	211090	961125458	1447681	1663148006	250338	1255613135	380093	1086128681	1273411	3887979143	934160	1713934789	90621	244239197	206059	968515625	1341710	1692609399	235179	1425799815	328698	998473744	1132498	3841991927	868204	1622504354	79594	223735844	185719	916891636	1206062	1582093455	207291	1452802293	273913	895260170	933391	3484325719	702057	1357813839	54165	169007201	139812	710973837	992472	1325244973	151363	1213101321	196441	700405205	658438	2748512729	516813	1033784116	31640	111663401	99230	608611923	713167	945518376	98366	837939774	127735	472629545	428662	1908432773	370306	720444068	18111	67441142	63297	399731922	428978	556925457	63159	540349108	82878	306812239	255761	1262412637	160684	279892687	6616	25627584	25023	140044937	148463	178653538	25782	223815428	33700	120525071	89645	436301125	80398	132107504	2641	10332458	11199	60650385	55824	68264445	11700	99631120	15321	54923828	35526	184351947	36983	59655595	1025	4498425	4693	23221674	17333	21118904	4678	42297369	7525	23445317	12812	58710226	30221	52358455	1413	5041264	4714	34109771	16125	21028332	5033	41511716	6834	21411759	16380	93857542
103年02月	台灣	男性	4372	10158835	861	2514123	1135	10300405	8789	12837520	3287	19153667	2457	6927541	5392	14027428	70391	85402211	13782	34258949	15968	57811519	158970	117009945	60415	224621626	40258	98772074	105202	258954579	330491	436292602	40120	105712441	76391	267752523	716981	618097716	198326	696017777	168469	476521041	491269	1194481162	653673	880217185	63809	169826617	148614	562042493	1264064	1256038173	279330	1166355235	298765	844575387	972109	2471358499	777184	1059161325	60668	152092513	170693	677280840	1320487	1501306662	259689	1208935936	315328	882338454	1149629	3168388244	755989	1077129606	50476	127781195	160400	664890360	1217526	1515309738	239777	1305791130	268271	764745271	1019915	3075579692	698623	1051465299	43198	115077633	142927	647486379	1088191	1400189255	225899	1697170987	220464	683556021	840084	2933163100	555827	883001017	31310	95030364	106874	484061068	895977	1174077670	173618	1665773466	158567	518510574	595104	2357425734	400384	663862746	19532	69838711	74925	443705892	640053	840678662	106016	992380444	103465	354312988	379037	1585378103	281598	461281372	11464	42988938	47451	259372815	381877	494557566	62581	531380733	65271	232629856	223194	964166705	123797	197177301	4056	13998610	19220	97868303	132917	160664653	24988	209169821	26542	86151520	78127	337887699	60003	93071682	1794	6806718	8140	41205658	48740	60018535	11062	92694266	11871	39431918	30206	136975771	28042	44564428	733	2621080	3660	17516683	15095	17942713	4297	36487015	5571	17141935	10906	47592273	23197	38926392	834	3415965	3598	25149045	14220	19381564	4999	44311600	5295	14967274	14405	77452395
103年03月	台灣	男性	4712	10547340	813	3127630	1152	11719796	11133	14598835	3324	20141819	2371	5646936	7010	16630764	80252	92089210	14149	32065393	16270	60333739	189968	136950271	64654	221680617	38894	84644892	120195	282228462	363740	465926268	43557	110344984	77323	286436167	812664	683794228	217808	744601888	161143	419435320	558798	1367621163	724889	974052324	69915	177296315	151478	590390140	1413238	1389552001	298183	1247413980	292008	763616456	1105543	2845130040	868515	1171534882	66209	161997728	172813	723768533	1467324	1671205074	263504	1250203953	310977	821025930	1312856	3642902525	849189	1146525029	51891	133608546	160396	686408866	1344306	1706636909	228790	1186752169	260424	703340505	1161804	3568000019	781180	1092781135	42564	111991000	141166	674864738	1209318	1580824696	194427	1109521820	212207	625190752	948540	3211182268	623855	907565494	31050	92234867	106863	502107033	994685	1319864617	148774	1046827946	155524	485168150	671106	2519242131	459240	693003552	20707	68073700	79431	492575755	723711	963259609	105938	895726564	106594	352786696	436297	1841435687	329913	488420882	12653	44531935	51378	305388205	439632	580765022	69948	655169620	70942	239978199	261004	1209797418	147995	205125829	4839	16540479	21106	114147364	157326	193678244	30181	303797964	30124	96337977	93561	437547317	71451	94378026	1913	6700644	9000	43792868	57848	71072512	13798	142170380	13047	40120757	36418	193297222	33726	42761956	748	2639195	4068	17994592	18561	23081084	5487	60051348	6479	18505353	12948	63367384	26865	36956393	903	2890884	4356	36870973	16052	21954213	5537	49395055	6020	15798731	16646	91587516
103年04月	台灣	男性	4466	10100487	810	2813611	1113	16034766	10621	16013232	3040	18514648	2188	5853489	6710	17086791	75589	84234757	13772	29591837	15550	65378891	184991	129420058	61653	209354665	39353	92667139	115119	268366988	342663	427699175	42755	103435395	73197	288509627	782877	653049566	204385	728133158	164912	470854588	537077	1320338862	688413	900186960	70173	175966542	143401	620358239	1362876	1316991795	279214	1172812171	300747	874432818	1060807	2808783599	833088	1080589481	66816	158059471	168809	787665286	1419865	1595681173	251731	1226118309	322986	952788115	1263009	3700432588	816719	1089550194	54028	129369443	157220	741576292	1301581	1610008798	217202	1184180060	268911	783609632	1117389	3632603447	757069	1049771086	42560	108111892	139828	710847906	1166742	1506792383	186037	1128484898	219165	707125459	912894	3280720250	607627	869795424	30171	85967746	107647	546480328	960611	1268357135	143529	1064318188	161465	558195236	642412	2562361561	446319	649130168	19771	68438808	77587	496719909	693975	915000353	101322	954206884	109845	420355470	417915	1820936299	317261	461270204	12242	47860782	49922	307131185	419922	545528906	67342	708665888	71652	281178245	249413	1230442466	145325	194314894	4657	16517014	21470	114435812	152676	186470592	29692	348560508	30885	111988274	90820	458057195	68834	88614472	1978	7617661	8822	44059460	55161	67946576	13482	173450274	13294	44383449	34559	181461796	32426	40186457	730	2554110	3956	18226666	17565	20757399	5332	63729640	6576	18804835	12378	66203393	26066	34761529	888	2843618	4121	33006077	15472	20865523	5486	56281138	5797	17047985	16427	94157889
103年05月	台灣	男性	4949	11152631	994	2552584	1404	17523971	11283	15307260	3590	26534632	2753	7477416	7272	20927215	85241	100982152	16827	35479169	16664	60343632	198446	144994245	70714	247038349	44574	101734235	126609	303956837	387102	512138133	51148	119679782	80609	308596223	831656	712258324	229964	776951068	183658	494105263	592641	1778010026	772040	1063469627	80174	195773294	157216	647412859	1442514	1413371152	302221	1262078693	330976	891000155	1158455	4615265187	932480	1277332605	76152	178690706	182334	808286423	1511108	1721614153	266707	1341740919	350022	948702029	1358664	6169502791	905458	1281770558	61977	152346853	168937	758633172	1376839	1727740700	227330	1388017939	291635	830795298	1187127	6610974445	834580	1212624488	50732	127631519	149792	737681249	1226410	1596147434	193699	1346617652	239479	738912619	964660	6183204209	665593	1009682089	35070	99357568	114952	564146819	1006200	1334387982	146383	1226966139	176524	589455375	687187	5461318558	487441	753218566	22756	72824072	82410	481886183	722658	955362888	99850	1024230381	119652	431569220	443614	4466137394	343846	523339684	13772	49094752	53033	320038676	435035	569280635	66323	782780558	79990	283747094	265487	4047861677	157194	227211408	5310	19554736	21944	127659125	156640	189785754	28895	391482876	34280	119881604	97381	1664076561	74233	100487199	2023	6064554	9388	51881539	56698	69118779	13066	185400200	14801	48221875	37401	579230756	34728	45383988	804	2628623	4088	19184668	17921	21753183	5200	77748673	7223	22308882	13769	250569670	28024	39187316	1121	3351559	4299	29467321	16208	22042802	5387	61112240	6294	19279658	17415	192573303
103年06月	台灣	男性	5431	13391219	1058	3115870	1531	18933782	11325	17020076	4108	34809333	3054	9107760	7272	21337258	86969	100743521	17476	36220001	17834	64340890	201059	147846420	69222	241015984	43628	95270792	123041	292616243	384747	481743764	50885	115368277	81358	307216166	826349	708953610	223313	697137523	177432	451309032	559135	1422363594	771292	1012647099	80306	187968115	157717	661759670	1425662	1408430511	301984	1155062096	320304	808311460	1089664	3080749427	935729	1212193613	75454	169382937	183658	808027911	1493145	1703560290	273043	1309573037	346693	884275063	1297825	4209417348	907910	1224811682	61247	141185671	170906	788682414	1358842	1719103323	240014	1539811445	292766	774098388	1139334	4300401290	835667	1160884947	50628	122822388	152410	741740434	1231390	1621432813	208653	1608493380	241497	696751901	933575	3905845045	666443	968107955	34862	95630679	117861	593291998	1017903	1362728142	153765	1323894044	173668	555595738	658549	3166283428	483427	707833033	22295	66898497	83057	484377090	731357	971879017	101718	971353854	117215	380799429	423183	2231520617	342288	490701589	13384	48298850	52628	303940014	441138	572990124	65409	680658256	77099	256695789	251954	1495751205	156334	211702721	5182	16278991	21883	123835381	159670	197354931	28410	327479876	33247	104777039	91525	554773015	72850	94213280	2163	7452555	9435	50819472	57719	69448632	12911	155344964	14118	43011690	34954	224245663	34093	43139498	896	3656045	4119	20418340	18473	23782675	5055	67144213	7088	21442547	12760	91755614	27693	38077943	1041	2960901	4225	28280954	15859	21626259	5352	55409038	6131	17763216	16966	129248709
103年07月	台灣	男性	6390	12584304	1159	3321160	1859	20992826	11388	15403194	4352	36260281	3412	11362471	7714	22678551	93480	106060950	16426	32778458	19202	70497275	202955	152575499	55915	238381619	43828	97216184	124328	282870127	413266	505961881	49714	109136592	87184	354694489	859472	729365359	180972	674978513	176543	436041497	552524	1341004822	832344	1057346102	79467	184454913	166853	701243914	1485913	1451923624	269847	1113869419	315158	785095169	1070962	2737027668	1016089	1317084160	76863	169889613	200031	913173043	1580885	1799857764	277189	1357232631	346585	870638029	1281143	3631114791	986298	1328021786	63930	145865964	196095	925347730	1455889	1825289334	256574	1575915560	293893	765973882	1140528	3591763311	916804	1262487510	55044	129981524	180975	926066967	1306098	1706007646	224298	1674957169	243110	695968861	933866	3254019394	738471	1066026850	38224	102907743	135953	705175140	1058442	1421530321	160661	1386798851	173166	537416282	658695	2603410887	538913	784226674	23896	72220141	89602	501786465	754585	1010547229	103855	936842470	113649	352215872	420686	1847000960	384132	542423589	13906	45113317	57649	348231402	456192	592834970	65715	613069377	73274	242865867	251256	1233223883	178790	235660901	5146	15105256	25178	141070691	165061	203709019	28229	275291696	32105	98091348	90513	461935565	83736	108726789	2099	7478792	10546	53853643	58982	70750021	12442	128950883	13958	42637386	34868	199145920	39480	48467646	810	3030960	4492	22422835	18693	24181170	5061	50043950	6745	19159581	12674	72207553	30446	41899262	1111	3184569	4513	27604316	16601	22788514	5402	51561253	6316	17533800	17201	102997297
103年08月	台灣	男性	7143	14439469	1141	3070997	2385	29318300	12374	17291843	6068	35571190	3650	9827122	8057	19711267	99255	121004294	16152	33131128	20094	71722319	208691	151728650	90273	266037290	45988	103435360	130312	290702151	446975	596167169	49033	111942670	88024	331376059	872655	720034642	280405	770315165	182807	478379186	578034	1348954694	887151	1214533374	79592	185918090	165927	634012784	1506778	1436904228	356993	1282657896	323813	834180248	1101138	2749527057	1072280	1485723693	78512	172583480	200142	859015108	1599056	1773692029	311512	1400297948	347694	908195746	1299219	3620147554	1037251	1493629891	66270	144989570	196726	882197389	1470019	1792500694	278452	1649547588	291586	778977287	1141516	3560008728	963052	1430193075	57691	132538229	178328	852802776	1321462	1675572229	251098	1942951476	239745	692803528	945507	3346791044	776326	1201200807	40415	103233170	134050	651651383	1074072	1392796294	185357	1698267072	172128	543180822	670964	2683082279	564000	875374718	24578	74930076	87222	469311457	766348	982932357	115569	1105092817	111859	374405568	427738	1861837196	398870	603868624	14304	46121659	55830	315554480	463597	584727494	70534	700403866	72480	240088737	255339	1294863210	185544	261585277	5402	14764902	24335	123781059	170010	202506938	30308	320527696	31966	98417743	94444	466560557	84778	115594737	2208	7297332	9930	49105686	60418	72005517	13377	152013208	13008	39979802	34847	187802142	40110	52857458	886	2971269	4296	21908583	19380	22712949	5564	60283576	6438	18665882	12869	70514896	31252	46000066	1088	3776847	4183	24170874	16504	21631868	5737	56008441	6094	16373429	17296	110449193
103年09月	台灣	男性	6299	13372292	1116	2693876	2156	22435062	12701	15317097	4381	28096332	3093	9336730	8213	24149094	90968	104211344	15510	32187588	18629	67049503	199425	138054057	71330	251663582	41777	101176874	131313	335525006	392279	492197249	44609	105418982	79887	324802785	826517	673999885	216611	769552108	164362	490582327	587263	1513249427	782957	1011415354	70624	175562517	149432	625318894	1434844	1353037438	293663	1296080186	296636	892499651	1120879	3004132183	954295	1227688104	66479	158053146	173515	769971432	1512479	1640764131	273500	1331625923	315982	944159486	1347761	3906275404	918802	1220438511	51046	128691071	159651	714363950	1364439	1625605806	243203	1310458746	258389	777646755	1187775	3828065189	847738	1151055053	42839	112284646	146851	678117566	1242699	1543546854	225448	1579961468	209546	701976941	978538	3634841166	692145	985518081	31165	90010771	117960	564362541	1029196	1304471937	174404	1606365868	155307	569245297	698234	2963958235	501937	727212463	20224	67891463	80334	440706142	739858	940473310	112090	1173947082	104418	430447196	445866	2093397374	356869	508556304	12044	43948306	51821	295347278	450412	561352003	70930	811329955	68686	281896985	266854	1376941912	168786	229016882	4547	15973661	22409	121168707	166288	195762915	31757	396769932	30489	115335157	100137	526957252	76894	100012969	1683	5759984	9039	42674264	58770	68087914	13592	175335186	12592	48110296	36739	208070670	36590	44438072	668	2707752	4211	20456360	19082	23293098	5558	73693893	6257	20703542	13618	81418358	28661	39620882	856	2675634	4014	28092448	15787	20595207	5689	61869537	5885	16540307	18619	119166126
103年10月	台灣	男性	5962	12609549	1281	3268444	2178	28092384	13890	15855518	4185	28405312	3103	10317314	8267	27832302	89317	99455746	19054	44131623	18033	64731858	209254	138756388	75188	241287952	52056	139364276	135190	365928516	382184	471203159	52512	136349613	82504	318883542	847910	665966712	232387	787173391	215435	703680436	593252	1764777492	772800	981229024	82464	216928866	158095	632681116	1482887	1340196194	309793	1297479311	380515	1252357753	1125423	3427683232	951552	1224508002	77948	196334487	185012	803650459	1573170	1647572259	279246	1342478504	401565	1326601272	1340588	4286920790	917530	1223819664	59241	156993298	168127	732001642	1410898	1617204335	236406	1249951467	325527	1071687287	1164399	3971443346	844789	1143707237	48206	127132162	149698	700247908	1271271	1524673216	205310	1205991006	264637	941646369	951955	3437728105	683218	956935086	34942	98827625	117308	562554380	1049252	1289739124	159212	1148321232	195566	755855740	680779	2719087490	499215	722085699	22903	75953632	82652	458163327	764688	934123062	112338	1022138340	132527	547049022	437758	1956004319	360944	514831375	14202	50718712	55722	335670962	473298	567488690	74977	780205521	88465	379933962	263366	1257172223	173029	226913234	5260	18626769	24370	134060746	176953	198489603	33800	385120673	40523	169798491	99399	463315842	78765	100105229	2023	6975140	9569	46291418	62297	69794720	14505	176517768	16364	64403193	36646	202178555	37660	46633503	854	3680701	4198	20359287	20742	23428165	6054	73150589	8199	29989810	13271	68332709	30022	39444086	1129	4182138	4472	37656289	16628	21285238	5829	60497669	7282	22441892	18610	110252275
103年11月	台灣	男性	5815	11896810	1206	3600698	1773	25666186	13821	15144746	3907	26455259	3007	10167601	8328	21644831	89614	100003560	18225	45372260	18869	68386782	206137	132705580	72378	235883051	50395	128944212	133495	339004377	384666	493308871	51918	141223160	86784	353557128	811242	621482550	229292	717211902	205913	628405525	577142	1554026564	775887	1019817978	80530	219806275	168247	721642482	1417580	1241359375	308881	1176355257	365758	1126551272	1092619	3027974367	962628	1273905989	78892	207374508	195502	913147908	1505698	1520722166	282682	1268585004	396278	1196992839	1306730	3852606471	926324	1257382755	60547	163264115	177961	821831476	1340925	1485400259	235979	1200636042	323398	1007820883	1131107	3649473402	848551	1178747238	49353	147745049	157259	780415352	1209783	1403138780	202576	1154834253	263519	906962306	928470	3298613372	680972	993327675	34268	107966722	123789	617129233	1006024	1187883662	156763	1038153844	194117	725564914	664059	2622460330	491916	738048373	22287	77550843	87419	512318594	733122	863558273	107380	835870071	128894	534786954	426021	2027107596	353868	524172172	13976	54678531	58958	366014770	455597	528064855	70757	608480275	85945	351574643	257909	1346997767	170309	238383295	5353	20646512	25976	158410094	172768	190073492	31947	290026335	39262	169153301	98724	536352375	75728	105018933	2097	7866706	10682	57608446	60828	66277615	13570	127678151	16163	63593942	36619	228184657	36258	45130124	870	3526424	4839	21908947	20104	22118400	5576	57761525	8007	30114690	14017	87811582	29582	41449203	1113	4545093	4812	41637356	15840	18949723	5691	51832818	7191	24838453	18445	111553061
103年12月	台灣	男性	7069	15627683	1648	5221532	2335	30277209	15036	15181186	4299	29232133	4002	12228622	8687	25313333	102695	123825474	24484	61397621	22806	82153860	214310	141031539	73680	245885854	60561	147766800	145178	374113156	421951	559578309	65871	178688558	97294	384686626	834881	634258859	225616	720912234	229126	636200801	628051	1726835194	831877	1131150700	99660	267867727	177545	724591749	1468179	1247013718	315529	1212959447	392439	1085533473	1217728	3537884526	1021700	1397953799	97333	255225017	203677	867340636	1574285	1516303843	300168	1320890994	421780	1162373310	1492462	4787975232	974965	1383201060	78303	211001669	186901	854261259	1411579	1494316214	254039	1298549785	344938	981175697	1307470	4682826875	896095	1299276286	65594	184934591	164276	780068399	1288744	1415712186	216117	1247952353	277833	871727804	1079301	4262671718	723268	1091736641	44579	138855909	127789	631931084	1067647	1198443957	163686	1088729706	200596	692306008	775494	3474026763	525257	818470200	28270	96427785	90328	556622107	773734	866351143	111075	861352348	131205	490173950	498396	2477389238	382432	591795321	17496	67756867	61026	389722357	482764	529998756	72937	610508489	86629	314704635	302523	1629377506	187607	270150728	7392	29410777	27506	161719508	184581	192783813	32849	279752847	39211	141105362	115903	650965689	83651	117027632	2975	12011383	10548	52895941	63816	64777214	13661	116521532	16440	57533791	41731	278335989	39461	55195970	1258	4931587	4675	23809607	21136	22249826	5661	51407385	8083	26208010	15508	89782095	31832	45906555	1371	5107172	4657	36129064	16653	19826013	5744	48876511	7517	23983223	20667	137038338
104年01月	台灣	男性	6448	15012414	1195	3967274	2079	25436469	13540	14161413	4361	28459721	3160	10712027	7937	20594489	98153	122368567	19142	47102716	22122	77219922	207526	129336098	77840	259753828	47507	111317313	139758	354441633	408049	544397728	56740	150402724	94048	372929512	815017	574349651	228398	730176641	183548	502731396	594835	1544443428	825725	1145178359	91327	241775417	178844	725781008	1434763	1130035887	315273	1221430040	328818	877825324	1140552	3081263694	1026829	1447834551	91311	234698817	211015	940233641	1536231	1376593351	305409	1417232709	365795	992757485	1387473	4055022387	989915	1453863540	73276	193612833	197170	901763054	1365375	1336922275	266938	1522901378	307061	873111767	1209079	3910241881	919416	1421422939	63032	177068754	176027	837576211	1241580	1246508602	234174	1523751168	250066	782509601	1001821	3592135981	753437	1220443895	45688	143468618	138059	682960342	1030956	1064956152	173922	1240477924	184201	635000286	727979	2946029365	545840	918105278	28104	98710996	96099	545433119	747512	766924228	114222	875366615	118780	438185243	463557	2103512028	397037	660261678	17321	65448669	64196	405699653	469346	475579992	73924	593070716	79180	280479954	284546	1394529348	195642	303240609	7089	25849407	29118	158491311	181180	172273037	33996	277900949	35817	121506536	111020	567617748	85722	125336057	2615	11378534	11445	57163903	61482	59864591	13662	110604646	14752	49580938	39737	200419948	40983	57723790	1133	5042862	5022	24701465	20384	19773278	5720	51239796	7384	23405802	14720	73576173	32761	48319986	1347	5227739	4853	38580218	15648	18567885	5822	47260521	6917	20196372	19585	111414641
104年02月	台灣	男性	5817	18673069	1464	5243531	2077	28553945	10866	11449496	4763	29480047	3259	11961978	6656	19236463	90552	122777809	21964	57263178	21881	78711276	182898	119108106	75982	267426112	51464	140938946	128342	323605606	392619	576187920	59563	165875723	90029	342976403	729754	529337215	225175	715624197	199434	615648252	521315	1343147397	802398	1207618747	94386	257508317	172506	663312667	1304904	1045083275	309942	1159457707	357890	1062123920	983573	2580145999	1005126	1541412534	98782	256297913	207430	848468059	1422199	1268882807	302856	1293223820	396976	1167790102	1190522	3352496012	970199	1567305352	87498	228018670	197923	876140020	1274564	1231646892	272473	1455569584	330318	995445215	1032563	3190207767	908306	1550937423	77812	209347780	179001	834244081	1167747	1158468071	254608	1941045296	273511	899749887	858997	3061633585	746870	1348825502	54835	168005491	139022	678249503	980821	983580814	196241	1937801210	196277	706081544	622046	2585296870	537408	1006072523	30394	100884477	92187	506698381	714904	713832669	115383	1091742254	120658	459362756	387515	1658935805	387507	714486344	17187	60331119	59985	359166728	450946	439747918	67126	587134489	76764	297102554	235141	1084436968	189864	327028803	6435	22898207	26397	141796957	174070	161588204	29146	246796675	33834	127406536	89728	402421081	82892	141789202	2516	8422604	10520	55716410	58655	55586996	11588	106133504	13783	46645370	31789	152529485	39239	67250892	942	4249896	4574	23534793	19574	18398786	4770	42715195	6630	24553025	11679	51065712	30861	54994763	1279	4380282	4630	35108477	14252	15113699	5518	47967349	6573	22240081	17264	95145932
104年03月	台灣	男性	6275	15395360	1160	3201919	1686	16016365	13998	14168109	4466	27096441	2938	9675963	8184	22076336	95212	112601542	18157	41438310	20794	70429139	213593	138273778	80595	281180948	47187	109780656	151103	362758045	385254	492027764	49502	127168027	85462	322998237	814556	596944180	231065	829674606	170911	469112772	634572	1596449933	769399	1018999255	78685	204727421	159573	602803359	1431457	1165597074	313213	1380889392	303055	816135318	1220636	3170089116	952956	1274730394	75498	187278747	185680	758770498	1547147	1429963726	299977	1466278093	330725	895915434	1505772	4133294839	906410	1256460121	56590	142175192	167499	690741180	1369079	1380222146	254682	1370095500	265740	726615120	1313668	3984335090	836044	1171170652	46073	125939564	148783	668670044	1257707	1306388644	223410	1328754636	212478	627904237	1086401	3656901798	685076	994238769	33072	93271596	116966	538519727	1053892	1110851157	172507	1227283655	158745	514890858	789179	2989609327	498337	753465557	21985	77734896	83473	462639468	772597	818926160	117866	998618189	104970	362156079	504583	2141811277	365936	546432169	14220	54104884	57048	323619645	495835	521392740	79510	769015220	70214	248188373	311940	1468801269	185408	262641714	5811	19630942	25853	133566656	196900	197364787	37746	406087381	32951	118793820	122831	595194578	79443	109118736	2222	7781761	9870	47337952	66611	65786291	14910	169504208	13312	43700047	42160	208782454	38265	49553420	927	3225289	4597	21553535	22619	23071112	6457	79698209	6370	18107445	15793	74113285	29895	41980969	1022	5644277	4323	26325157	16447	19556830	6188	57929717	6126	19217700	20308	130047991
104年04月	台灣	男性	6268	14254825	1046	2831582	1842	22860364	13395	14328079	4440	25663778	2890	11357938	7644	20261916	94582	109192873	17870	38257446	19555	76182699	211414	135766748	88533	272879662	46621	109516390	147323	356207532	388473	486896136	51756	124607591	82687	328114074	798479	584063928	260693	794757363	179363	511647627	594385	1561088654	784747	1003349214	84118	208330173	156890	639765727	1398605	1133829986	352340	1300177145	323667	914297821	1132047	3092196657	982975	1245437591	80575	191683580	184140	817053632	1512392	1393790260	320072	1390424960	357091	1016239295	1396630	4150779723	932890	1208668931	60229	146553805	169433	782924466	1340964	1357439869	256525	1318705336	283388	819013522	1214472	4061461077	864077	1156764525	49004	123135272	151218	733737043	1224427	1276411738	219398	1281134634	228500	719281072	1006970	3922972841	706884	988699231	35448	99061722	120234	613749383	1022319	1081986080	168415	1215783043	171137	595603244	729784	3366209236	506442	731594900	22499	73222865	84085	481769262	743493	785186573	115393	1059057478	113371	433178081	464370	2380919470	370116	518811202	14525	48837532	57135	340595272	473978	495073985	78094	842977058	76185	282367421	287272	1740922867	189346	250575816	5797	21240944	26654	148821601	187347	185290384	37414	453205026	36362	135073339	113956	757741050	80351	102626460	2248	7586903	10223	53780991	62162	61091269	14920	199233956	14277	58040337	38766	297827350	38673	47399401	915	3431621	4438	21940940	21074	20719205	6622	86740090	6744	22862356	14676	110118750	30006	39611379	1064	3424451	4281	34078940	15930	18021738	6114	64170733	6551	19963854	19635	119378732
104年05月	台灣	男性	7146	14619464	1346	3812411	1908	25680797	14289	17805450	4447	29359895	3220	9487964	8666	23382287	106722	133815439	20369	43340624	19914	72679287	226690	151107788	78397	277555120	51575	117949969	153540	463569585	439879	581229159	58059	134386448	86451	355494738	846509	639383697	228225	756938501	192286	513750018	647149	2069476220	886167	1189244290	92920	220972254	162021	668592843	1469861	1233844573	312086	1263826392	344790	908000798	1240825	5030621032	1111641	1463966228	91771	210917995	190039	837293525	1577018	1507332327	300541	1406024082	380627	1009860914	1488239	7894551731	1057332	1422541035	70365	164604401	173905	786154776	1384816	1443535790	253108	1415571354	308675	859037239	1280920	8241626648	973303	1346370208	58647	145484647	154377	747238180	1260773	1363635420	221550	1437592038	250755	750445188	1056856	8044182626	794579	1142723214	42536	113346317	121696	597789978	1052296	1150201500	167677	1314778891	186503	629980063	762079	7326260119	562301	831713613	26664	83650388	85508	497159963	758425	840076622	113102	1105651782	121925	443382971	485060	5881970972	409313	595499198	17108	55610980	58641	349924145	481733	522124055	76785	866249779	82833	299957455	303541	5752236099	206879	288040410	7188	23196362	27410	156560689	188829	195716224	37288	476793131	39150	140852334	119133	2514795224	86514	114028112	2582	8220441	10509	53089337	61924	62127822	14775	221559798	15306	47699913	41158	1029330336	41825	54397168	1075	3958380	4611	22814514	21184	23822446	6312	87031037	7283	24560875	15962	448370142	32169	45978036	1254	5112802	4475	30733409	16093	18907594	5981	63638558	6791	19860604	19904	222943852
104年06月	台灣	男性	7432	13922421	1469	3588501	1819	19902984	14649	15474271	5322	42199157	3520	10603152	8684	30053334	104129	119602037	21738	44966093	20022	71367109	231480	154647873	89581	279435322	50219	111671907	152911	367842579	420144	516185901	61056	134231049	84495	351960292	855503	644860025	266065	758947146	187321	480001211	612312	1569095745	846044	1049856821	94673	216983548	156460	650227573	1483471	1238255108	352670	1207798743	329223	810050861	1160587	3149163262	1066545	1314284491	90033	199458010	185833	827745214	1601005	1526503656	330419	1418394134	366437	917513016	1426654	4431595890	1014467	1286718469	67594	153909003	170356	807303563	1412654	1488586933	275789	1624959553	299504	779318303	1241391	4403404889	944331	1243505901	57062	135941226	154223	750543759	1296753	1420075757	238114	1718201073	246414	713976689	1032680	4210248854	779983	1055433790	40765	105641597	123722	639229834	1089919	1205804497	177616	1448911502	182581	571700711	749170	3521938238	558823	782759837	25377	72878649	85664	486920423	783936	873036038	115849	1062476386	117952	406533313	470679	2506792226	411915	557821001	15783	48418206	57886	330993554	500019	546579739	76038	763032880	80070	272704983	293090	1842910901	211956	271639957	6477	19478651	27223	162932779	196775	202843641	36648	412705448	38132	130110776	116759	918019281	87817	111963017	2371	7261928	10389	52349399	64513	64640628	14198	180341559	14533	43312831	39491	306431834	42476	51751184	1002	3250237	4701	23406364	22367	24131995	6345	80611736	7373	20783921	15335	280045275	32433	43084440	1161	4100739	4357	25121270	16737	18595861	6052	59377889	6614	16614381	19667	137296671
104年07月	台灣	男性	8327	14064085	1615	4360331	2548	28163510	13733	15932475	6178	45139492	4118	12921151	8835	21280074	111300	128636628	20393	39690018	22480	82006462	225654	150915810	92112	293693742	50261	109082532	162738	369288554	446896	548230530	56704	122158786	88450	354660066	869831	649814075	271401	758178487	182002	454465077	654197	1512530234	893615	1097200676	90833	202951422	163856	679415763	1510882	1253514331	359582	1197272766	324322	775566085	1240136	3022217601	1118371	1370741472	88827	191931553	198272	875500713	1654345	1554958872	344249	1457591688	365781	887193266	1498275	4138253808	1058032	1342896575	68652	153149881	191746	896948146	1468162	1517472980	297201	1690156098	305136	774881474	1305466	4001663100	993454	1312403312	59710	138168584	178666	881766179	1350937	1452737849	260350	1833170015	252532	688150733	1090789	3741807478	823537	1123932961	42529	106812665	136329	693453674	1112203	1210155298	190261	1522235450	183673	544177086	785918	3079752450	584986	815756026	25873	73043053	90546	507872427	793360	859671128	119660	1033062493	116966	383596143	510506	2244226020	431986	581964233	16101	50380835	61104	343699594	509821	543398116	77112	715342285	78056	247018456	307635	1528306693	223475	282906954	6491	19088881	28520	165044360	199467	203147351	36082	348752204	38007	111204021	123445	709348754	92759	113413025	2400	6618966	11323	54583768	65046	64574226	13662	141244581	14725	39119544	42172	229669446	45580	54836212	946	3931545	4921	23457366	22385	24340604	6342	67039246	7435	18280994	16997	115279844	34327	44735504	1152	3808949	4464	26897374	17084	20114837	6105	58969122	6528	16518766	20910	122438094
104年08月	台灣	男性	9145	17176542	1468	3344133	2533	30203484	13610	15356331	6670	42725697	4364	12562949	9467	23590684	121324	150542749	19055	39252200	23032	81847984	216068	139678603	94314	299695424	52191	118972773	183525	371914273	508894	665128409	54724	121730907	92259	351764083	844688	609688933	280487	781515036	195295	499044261	662315	1549902424	1010605	1315021811	87759	202515151	167665	611640752	1467089	1161895992	369937	1251656556	346545	849021979	1217685	2977113527	1266911	1649597125	87544	191459005	204267	821856050	1608220	1420819842	345357	1448680321	385590	946122473	1517250	4032820327	1182464	1586642478	69636	156845615	193279	840014566	1416467	1368541929	296273	1662334887	312421	809399760	1274739	3988820876	1105458	1547303689	60754	143401912	178207	805087130	1303591	1312457648	272430	2089367396	256491	698719939	1072946	3865356459	912151	1312140370	42707	108654431	136351	645363231	1074488	1103316858	206627	1913010454	186087	555490624	772110	3263905501	650306	949695928	25835	71149180	88008	447123831	768001	782575607	124928	1196181659	118871	373927338	484952	2215725211	477085	669184229	15712	47720015	59318	301748655	489741	488704242	78656	777517496	79008	247609477	336834	1614003252	247219	325339792	6601	19381843	27437	136504754	193900	186972887	36913	396066280	37857	115375615	120512	699619789	101572	128516361	2249	6341223	10271	47718104	62139	60548566	13749	153525146	14398	39893134	40377	244343743	49119	62066042	971	3264900	4602	20754483	21973	21296445	6252	68383367	7124	19309876	16877	88214012	36412	49286288	1145	3224323	4490	24134489	16654	17875429	6066	61590690	6298	19809647	20530	125109134
104年09月	台灣	男性	8096	15491156	1434	3317363	2172	18975466	15695	15472382	5839	26643688	3733	10435056	9506	26513060	111310	131546769	18703	39998709	21215	68699545	217822	136424097	89934	286030086	46518	111300662	156101	357534065	451753	578873294	53406	129628681	82769	314425149	836440	593136300	261981	786516871	175471	505383770	638575	1579256644	893755	1154622385	82785	204929895	150233	580520409	1452567	1137287291	345942	1260647227	311331	886767556	1185685	2989669435	1119738	1433624796	79317	187093900	177531	732827827	1584186	1383042223	329502	1376945515	345095	969212864	1462489	4186635155	1045132	1397069344	57018	138903232	160705	702812379	1378884	1304882967	277845	1318095697	276688	802266135	1274259	4147072900	977377	1337950490	47852	121826967	150132	686922489	1285420	1256899432	253773	1555572107	228176	731033131	1067578	4190914759	814897	1161035782	35491	100070770	122709	579054240	1080088	1082384729	198601	1617096549	170210	584528789	789757	3722976527	584878	878141668	22415	82573505	81232	414907882	775815	778411860	124883	1180686110	112208	415930853	489348	2674602351	433722	612352137	13874	46508664	55355	297556457	500423	493525836	80616	844251262	77290	312136681	324631	1864695091	226936	302550894	5949	19907847	26804	147168820	200330	186943173	38628	459544430	37582	135788373	124716	1028292111	91838	119736455	2118	6519309	9667	48671192	63121	59233961	14744	184503504	14052	55863439	40966	391154410	45160	55317567	833	2989380	4481	20149935	22725	22510750	6840	84275527	7213	22243502	16420	183701127	34146	46939848	1033	3856600	4197	24571982	16616	17919942	6479	66012360	6613	23332109	20120	156632393
104年10月	台灣	男性	7803	13803862	1597	4585687	2180	24355334	15566	15066268	5197	27729686	3802	13422917	10143	26916167	108258	120217686	22862	51742090	21242	81853160	226530	139389530	89239	274079848	56635	152120208	179558	485629740	443282	564284229	65259	162479729	88162	349870723	871086	625100006	266167	833015376	224109	749365331	695957	2044830300	880241	1127357775	100836	257519136	161478	689804127	1511979	1192812892	355325	1352902867	393135	1277752790	1283429	3634362270	1121705	1406309582	96212	238295640	190480	829393416	1650863	1454302233	338992	1468493813	428218	1382572355	1525217	4527961376	1046194	1341994005	68103	172440249	168996	764895580	1420968	1371207424	276685	1336394216	341810	1092533900	1300625	4219108610	973219	1296334227	56476	146750637	151863	694641435	1312669	1302817942	239696	1300097010	279626	957307749	1113290	3917624421	805006	1099532558	41931	118666521	121674	601540569	1094270	1112289925	188006	1245002989	211517	778295985	790185	3424100777	581524	846835707	27278	91343744	85994	474009754	798494	815089047	127913	1090355215	141358	587035538	505169	2513258865	435601	598701900	17756	62121418	61055	376195741	522353	527188297	87816	874469004	97892	404914676	317182	1772278095	232830	308397795	7175	25223127	29298	179925387	212969	207465463	42791	462154177	47900	187487956	129375	769601130	93052	117717077	2523	8275927	10435	51666740	66222	62556292	15626	183371239	18185	65710363	41556	259285624	46915	56195557	1091	4016566	4857	25450002	23936	23639129	7622	87962412	9001	32333150	16434	103598443	35027	46905387	1219	4045513	4531	33266028	17093	18397125	6911	64876760	7932	25000173	20667	153401817
104年11月	台灣	男性	7663	12858035	1619	3588918	2021	26412282	15660	15679760	4915	24813585	3553	16039815	10302	24942557	107644	117265474	22398	52380714	22061	85065222	223592	136695815	85912	268825057	54665	145483751	170818	410481474	430594	544023550	62647	160065837	90769	372924292	849759	592538533	248515	783605461	215419	694153793	681218	1702340094	853494	1118050804	94169	244310573	168786	775324884	1468428	1136470898	331855	1252966601	374251	1179407346	1253259	3190994947	1087614	1395754738	91230	230455353	199582	931495789	1610846	1385510414	319484	1364688714	416644	1283085112	1547646	4280102054	1011178	1342733573	65471	169050817	178176	869578283	1385320	1311372073	260193	1300340249	332389	1045797487	1328893	4179164373	946782	1295707416	53135	148977315	159825	809934218	1287260	1254823769	226508	1252703643	275076	927523897	1106407	3969306313	779992	1098998348	38358	117021576	128587	685605172	1071227	1076384671	176517	1145234043	204504	757460425	814049	3366003651	557836	831886362	24631	83888090	91198	566906989	780599	777683884	121132	950376242	136554	565782248	513720	2581452901	418869	590325872	15794	58855900	64223	420766809	512853	509985674	83384	720339086	94412	390852966	324474	1938045464	227184	318911403	6491	24739852	31564	202716598	211947	202605646	41514	396884863	47962	234379929	134974	827818219	88852	114706672	2209	8154390	11546	65182542	65198	59868487	15076	155474893	17614	68695311	43264	299854170	45716	57370186	989	3454524	5311	29942835	24215	23828677	7348	75212359	8871	33964323	17826	111646270	33812	47609581	1211	4364519	4866	37914951	16869	18436706	6565	58812864	7858	29270208	21221	144129332
104年12月	台灣	男性	8796	15217608	2247	5625529	2186	26684535	16964	16075543	5634	27196225	4533	14100341	11507	29536218	120940	138523112	28519	66014779	23264	84104064	233740	144809368	88175	260946581	64278	160943480	177066	429861376	477572	621472420	77874	193024476	96118	371255425	873208	615476045	254736	764644924	238666	660053448	729653	1797144173	925307	1232514038	116776	294791575	173491	765202413	1494053	1156626466	337246	1218600658	394909	1083941241	1287660	3439210730	1166560	1558393891	115494	291130574	203328	910825914	1648179	1409432104	335426	1359671905	437794	1197572460	1605800	4808903222	1080118	1459168430	84519	214634490	181011	855254557	1414192	1310845478	275149	1294761793	350242	995991875	1388603	4672157877	1001962	1400700875	68886	179682856	163723	792026953	1312964	1261446033	236569	1257200131	284398	872922414	1165915	4458569469	824605	1201276538	49082	138587057	130992	682836197	1091093	1066178409	180991	1113070424	206937	683896207	867620	3720872234	588896	912869368	29582	95690300	92444	571667656	789557	780080727	120228	898658550	131590	483777330	543892	2696647375	443365	650790742	19114	65614558	64849	409363922	517345	500875181	81131	643391895	89442	325431854	341702	1904868926	241891	333866798	8633	29818049	32261	216642655	215532	196804465	40528	330794938	44498	152172697	143630	923616170	94897	127800975	3029	10607535	11631	63191305	65232	59985616	14267	118622323	16401	56193994	45292	307965688	48093	62086752	1293	5191476	5280	29226140	24116	22911477	6857	53156035	7966	23514876	18607	114715543	36204	53046729	1596	6175440	4878	32929008	17255	18342292	6441	45252613	7630	22678121	22441	155286823
105年01月	台灣	男性	7802	18888091	1599	4714807	2074	23951717	14263	13655105	5395	35605896	3820	13743661	10811	28143450	117586	144672593	23655	56458197	23644	86384809	220437	135404336	85164	276029250	56105	135743390	170941	423354125	477051	652656462	70364	173090381	97480	385566072	855719	589525453	247331	771912167	208942	585830550	699843	1699783713	942800	1335490966	112200	278860047	180582	837982658	1486295	1109231835	331166	1224075065	366434	1010180692	1226309	3167342637	1219434	1773922729	118573	291055960	217965	1007128619	1668050	1347273880	331002	1467061849	422028	1163968498	1517079	4281027357	1140767	1720202657	92716	233576790	197904	971900881	1437248	1252655976	278490	1611008295	345933	1011130785	1328903	4135386826	1068342	1705914841	79255	213616633	181293	900216747	1341244	1205739573	246212	1709248332	287223	884871005	1104964	3997341151	887524	1481418535	56089	159390078	145650	775553298	1117371	1020324719	183588	1456920467	208858	702665872	806611	3427827670	634528	1122899632	33125	111232042	99058	593217765	812039	731899380	115106	1014509508	130671	488009823	504847	2423435477	474716	814489130	20435	68112455	69053	453502153	534043	481497276	75431	668989430	87706	331777305	322982	1697975094	261601	422050599	9182	32171512	34583	216376790	227035	194637700	37295	327761352	43957	150727127	134977	781906471	98933	152141964	2821	9559700	11878	65175949	68176	57141786	12491	122241571	15682	54062763	41964	259778177	50837	76524637	1202	3855493	5505	30737709	24897	21649259	5866	54667931	7612	22916486	17184	102604991	37412	60290474	1450	4896603	4917	32946880	17254	17341446	6062	50702304	7371	23446996	20927	132087093
105年02月	台灣	男性	7196	13826056	1531	3822934	1761	15268423	12160	10802742	5543	31261355	3885	12327413	8592	23040650	104910	131233198	22581	55210217	22486	82355953	192817	120247436	95573	289190903	57852	157148098	153168	372281130	436009	601455239	62685	162680574	90762	353312415	745948	520148195	271020	768959803	212929	652091578	595347	1435326886	867462	1204843143	95408	247574491	168726	719660472	1311383	974608792	353420	1188676221	361714	1029726382	1094268	2651007471	1121267	1568392450	99497	246272585	202244	850560440	1476036	1175612836	347684	1331483305	407809	1145513296	1327685	3509456122	1055612	1538374561	78139	193898949	186385	848622365	1273936	1087029402	293076	1373356220	334436	968633513	1138189	3377175499	995970	1515682823	70573	181255965	172964	806391309	1180638	1026933517	276505	1842969716	280469	862556336	956065	3348753458	829560	1314119553	51473	142543476	138267	687745202	989034	872911369	213521	1883485719	206470	682048010	724541	2962542161	590530	986759428	29582	92460755	92769	519879382	713663	622615333	122589	1066559370	127158	454959002	424376	1863419954	432467	697732943	17235	60514107	62219	358828798	461045	401785887	72999	574795677	80519	296570168	266466	1371944177	238942	374259446	7245	23497318	30465	182508842	194166	165183250	34908	268049175	39722	129488962	113369	551617293	88918	133979815	2256	7470713	10421	62078790	55618	45245869	11423	92270856	13430	44296642	34408	201434001	45705	71557475	1014	3917589	5020	27167256	20522	18920444	5496	44067341	6432	19584928	14353	77453528	33669	58244226	1275	4783373	4748	32286890	15001	14591625	6029	48148401	6544	19226878	18036	100874744
105年03月	台灣	男性	7621	12714395	1183	3464137	2054	21395703	14939	14261073	5206	28930238	3170	8640350	10475	27649725	111054	124285863	17824	38950573	20441	67314532	220158	143474250	88357	194567280	47066	108326517	177478	428854618	438474	547395545	49146	121203152	81255	293820043	814614	593376039	256986	722127660	171502	471471073	729721	1800075551	839810	1064979001	74781	189570771	144825	568195765	1405521	1105816645	335382	1214426308	286084	756228071	1348568	3322798411	1063831	1345913140	72018	178123098	169423	673415185	1576564	1358895641	324076	1377106941	317272	836900534	1682609	4525223052	982222	1265136548	50793	127502255	150283	634480031	1361066	1266135736	260896	1284565583	253669	672980647	1455066	4385008126	913967	1211491209	42167	107474202	135327	593548784	1267709	1201049018	222649	1252715834	205185	580785256	1212624	4172361824	761958	1042428387	31522	87440227	110064	517105725	1064535	1018179016	171646	1151587542	152907	472022803	886070	3628880373	549668	781127217	20543	65501898	76877	394000896	776745	741142763	115155	945725314	99555	346633525	568819	2573416418	413953	565922268	13909	47459569	53605	292194127	515051	490550286	78926	756845320	68300	224576061	378371	1836409726	236742	312331317	6183	21089679	27535	152113685	225147	200210716	41321	442406839	35640	113287983	177785	884638375	87231	112566534	1897	6296266	9379	41926370	64772	57872637	13734	154445577	11988	36851987	46994	258961814	45523	56130689	868	2960952	4443	21106271	24272	24011762	6669	71061567	6256	17558965	19424	117459279	33229	46249868	1031	4177790	4029	24317538	17115	18453543	6417	57915752	5984	16877094	22179	155976219
105年04月	台灣	男性	7374	13089850	1290	3538496	2039	23134094	14359	13148544	4959	25092849	3306	11429407	10267	24902277	111661	120030963	20336	40943337	20701	77760086	222620	138930875	85144	178984539	49080	116267151	178233	416607548	451324	551934708	59451	134424290	82771	325917999	821929	581913567	253450	651522743	186771	545336640	696588	1718555706	871249	1086431092	94380	223139256	145731	619732758	1401299	1078011685	330210	1050967087	315281	883568134	1255756	3210368352	1119591	1386211625	93880	212886582	172914	771435753	1576780	1325414427	320473	1223369536	355135	973533123	1538485	4343501453	1040392	1307231406	68416	158559004	154708	716731252	1359341	1248328016	258070	1185402579	285184	805050591	1311267	4308420476	958920	1258027845	54879	128924093	138645	673660425	1249451	1177697602	219663	1162997097	231259	695509188	1110204	4198605290	792074	1066538371	39462	102070302	111946	588312407	1041446	1000178420	167470	1063870753	169651	552602604	796141	3568370406	559536	794434069	24479	71955924	76066	440059118	749237	710326372	111618	908414269	108884	390636045	499903	2677801250	416568	562991933	15804	50473821	52031	288703425	494742	463745238	75872	754644461	73786	255686570	316009	1920828779	236826	304652670	7300	23425676	26961	163672756	216726	193556258	40048	435223392	38769	135347898	140106	1056909215	85309	106629248	2386	7463466	8903	43085542	61119	54036075	13404	160071467	12794	43830015	41726	308010693	44188	54475435	1024	4163481	4458	24463424	23099	20910423	6726	82176774	6166	19856341	18057	109975737	26661	33192246	513	1681735	2540	12290430	6803	7256404	3069	32728891	4532	12399895	8210	77386251
105年05月	台灣	男性	8343	13303585	1480	3307279	1931	24688480	15831	16152034	5276	32263074	3653	11063882	11219	32155301	122347	134887345	23309	45839999	20504	65713390	240470	152337061	80718	189139903	53479	124050626	188488	478003689	495746	632576358	63598	139410129	82741	325938768	875835	634180281	231479	672081721	194978	522046619	718465	2239537891	943634	1204612713	97157	220542364	144841	629842078	1471301	1160861385	303698	1076316170	321419	825434022	1280415	5106587978	1209808	1532260067	97538	212606085	169599	763339527	1647302	1434615436	307770	1294284402	361747	940552421	1543223	8156393743	1120691	1438227333	72068	163305082	150015	705917040	1412436	1350865236	255659	1348719887	291233	770067615	1312029	9612977764	1028977	1359989132	58855	137256708	135483	670104895	1300041	1287338503	219915	1376926303	237194	698937738	1104210	9927253002	848949	1163802235	43108	106112267	108100	558715695	1082240	1087439392	168699	1251653851	175005	537789210	792978	8946998796	600185	870560620	26819	76451034	75229	438240012	776823	774417051	112317	1000036780	113052	376290756	498094	6849416880	445199	611187988	16907	54007405	51575	300554665	513706	502106632	76846	804304574	76531	258971845	314307	5469329231	253388	338554824	7932	22733139	27000	158434622	224935	208242277	41240	492906480	40742	131810480	137382	5853146390	91056	118006121	2489	7238915	8923	48761413	63449	59251705	14197	185853251	13398	39772044	41105	1430076650	47668	59947725	1146	4344085	4412	24444550	24242	23412495	7095	91679377	6761	20353453	18815	379049722	28523	36215266	522	1641193	2492	14822633	6896	7734410	3084	33174840	4409	12726861	8298	562279672
105年06月	台灣	男性	9303	14974519	1580	3569216	2061	18549426	16557	17170513	7115	42403081	4181	12394274	11702	31595668	128435	141265058	24490	46682105	22654	77950404	252410	167237063	100259	288001326	56155	123576259	189258	412764707	503591	607198305	67278	140488008	86215	334096037	901645	671799363	263570	745020357	203083	513565870	709730	1715178460	953598	1159843306	100674	223215837	151551	673049641	1499569	1228065676	334866	1135888476	333228	816883061	1255097	3143174300	1236813	1513226301	100633	212644811	182820	831734260	1698094	1529188602	335660	1436254271	381223	931196260	1546209	4286388980	1161239	1448800431	73515	165111089	164850	765298451	1483495	1472203411	280053	1580539839	313445	810730784	1342606	4145750472	1070247	1392674917	61135	139014033	151109	747288514	1371307	1406186705	243701	1734654794	257243	718301310	1140563	3976621478	895786	1196096285	44779	109378470	121863	628647368	1153277	1203643874	183015	1469305546	190751	579305792	840633	3522301929	637101	894950509	27245	73966888	82629	464480608	828538	865003393	119415	1058232100	123130	413276612	528538	2576222916	475790	637355149	17035	48208295	56652	316011733	543130	553887240	78980	778146483	82049	270940547	333611	1772482321	276392	355261159	7868	24756796	29846	183111944	240083	232711364	42143	463528844	43971	145236360	147703	931479226	99787	123748717	2462	6213224	9947	52110981	67344	63308703	14113	166362310	14571	51001693	42945	280947064	52149	63005442	1129	3976727	4704	24223310	25713	26018892	6998	82741569	7247	22277266	18406	130296031	37322	49725617	1240	4041141	4162	27175106	17607	20948985	6365	56857789	6711	19376609	23005	136456413
105年07月	台灣	男性	9435	15741082	1612	4186447	2513	23132705	15042	16634996	7429	41157435	4488	13733949	10991	30531524	132789	144166724	21970	39967995	23571	77755495	240993	156845181	105075	197663522	54290	122907730	213049	434966423	546246	666736592	64133	131360082	89576	342962030	906096	653804990	295002	644501877	195676	514748356	763500	1771200765	1033808	1253732697	96796	205437747	152984	666076758	1505845	1186766363	361577	984110974	325205	818312299	1379984	3183091986	1334846	1614263337	99368	201907933	188322	858452688	1712510	1488780704	365359	1315797521	378342	923943583	1692582	4361979039	1245654	1528306637	75678	161390146	178137	858341862	1491630	1429355658	308063	1515044509	315952	806708842	1522299	4287999551	1138934	1470229126	63719	137442808	164545	814842080	1361818	1355593461	261434	1643999024	257210	701118087	1240656	4055697884	949018	1265424319	46281	108004307	127027	664953815	1121755	1141277793	191016	1374141323	187323	566878582	910271	3612598922	668428	922384508	27713	72249050	82111	467456345	798177	803640406	118910	916442026	116180	381462025	564176	2528138199	493588	646908301	16810	46054144	54181	296734791	524431	521579182	76310	635261777	75995	242645054	360379	1841473043	285753	359300327	7564	19165299	28566	178559311	231638	219641010	40448	355705960	40661	124763366	160795	965722384	102172	130731506	2249	6078634	9610	48280929	64840	61541692	13184	122384992	13348	37230426	48542	295375938	52703	62997286	1058	2737589	4636	22367781	23993	23210281	6334	60170185	6401	23266266	19313	117827330	38189	51543176	1196	3497286	4086	21969787	17656	19902971	6372	50474087	6168	16715072	24082	150377544
105年08月	台灣	男性	9474	16603455	1575	3498633	2215	18506624	15948	16841235	8150	45310448	4292	10939358	11337	31479421	126173	147783437	19807	38003678	22602	68997715	235045	153237853	103121	222323260	52044	111443663	177404	461717871	508974	675905801	55909	121392556	85162	301014697	890828	629276793	281834	685936876	180344	438345181	749932	1880353310	943411	1246732616	83985	185883173	143824	593068556	1477729	1149289012	347250	1068029441	292630	718164208	1321774	3282655207	1196498	1568007221	86941	181104332	173993	754709553	1707308	1438285545	342068	1342257732	335237	815063756	1617253	4478745648	1109847	1507977069	66167	140254050	165389	757522615	1532216	1401236665	292342	1565335690	274890	686737294	1427963	4591946397	1011818	1442743488	58053	127253341	152791	742950965	1428476	1346735856	269316	2023795000	225193	604456453	1212384	4603155808	845106	1248400972	43106	102175106	120398	623821753	1191078	1144397943	206448	1859093898	169507	477757933	890901	4314719123	599345	917026379	26903	71098751	78083	412702951	855834	823497984	126314	1159883291	106328	332127031	551733	3088695765	447705	654964999	16848	46947157	52274	268897411	570973	537037467	80551	750561881	71321	214447683	357937	2141611728	261543	360324136	7808	22390012	27831	152155902	257550	229250283	42653	418377692	38125	113242642	179715	1229769362	94474	139433237	2358	6041856	9171	45101206	73017	64895805	14179	155195850	12826	34928726	47929	432107946	47995	63118241	1077	3896762	4517	25156348	26821	24196946	6672	71884859	5938	16605030	18800	173072754	36561	51780811	1217	3308518	4109	22447306	18643	19585685	6818	61077283	5983	17332881	24170	148484170
105年09月	台灣	男性	8907	16063207	1531	3449835	1810	14180204	15998	14912599	6576	25243771	3846	11220521	10890	30764884	120876	137326090	18215	36308150	21824	68910475	214544	138262495	98459	190935582	48006	113197073	168053	474867900	488610	632151018	52531	121940157	80956	303303923	809535	590129099	276480	662077084	176690	489830879	687845	2021160341	903678	1155741731	78039	184716308	136384	582720437	1316063	1046667609	328746	1014217826	289998	835641158	1193544	3325175795	1161733	1488202070	77702	173073924	162134	700133710	1494048	1292171830	319253	1203306796	330979	885455701	1482288	4308256785	1089513	1416263755	54550	123751634	146022	637024936	1328171	1233405980	261310	1172418769	267940	769763176	1337443	4066894468	988230	1340081078	44056	102205967	132144	607966664	1244087	1193191861	228489	1359519137	212786	641105444	1071836	3917411422	825661	1163875971	32852	82938574	107712	513370409	1045300	1023118257	178975	1412500222	160924	528021977	787818	3469141380	581002	847522684	21014	59095869	72337	385077458	747852	736175381	112634	1055238606	103375	376967543	522109	2401738868	433760	607438268	13195	43133782	48420	251200490	495915	482772306	73370	784939186	69351	260702120	324111	1700564922	254143	337508440	6094	19072686	25738	152819768	222002	204996998	39886	466650488	37174	126552044	143377	810660269	90716	127744117	1767	5051924	8180	42047345	61824	56310939	12980	174617682	11837	39079465	42212	301203100	46589	58871333	806	2338246	4038	20424783	22709	20819964	6478	78948876	5706	17220911	17315	123626723	33764	48344240	978	3153835	3592	21677009	16450	18458365	6331	62514893	5792	17831903	22799	145849035
105年10月	台灣	男性	8270	13479423	1584	4194276	1669	13440303	16256	16564834	6715	25920093	3982	12875332	9935	24839824	120382	130606421	20960	44125549	21369	67452247	223015	143696157	103172	177524695	56861	156623464	177004	419708078	494287	620207418	61333	146584566	88413	330846373	847948	639968665	299543	691267828	226123	663391563	705220	1829549290	912513	1160680964	90058	224500075	152595	654596720	1372152	1137588576	357898	1038066465	360906	1133946611	1271325	3229689629	1186846	1489250970	90533	211059655	182578	791662303	1590117	1424039115	346599	1237345675	407445	1247204727	1570108	4236565812	1120437	1436367222	64764	151933479	164300	718431319	1425118	1377196066	277212	1162220390	330340	1046386786	1386728	4095238131	1004898	1330682388	51992	124521776	144043	670223638	1321256	1303835774	228186	1113375913	259207	863409643	1142760	3859373552	839417	1145147986	39136	101781980	116986	574253588	1116199	1120748323	178685	1092353278	197238	710679435	864392	3364953189	598886	857266524	25178	76164899	80689	419054566	812271	824851057	119103	968338336	128446	514644691	541873	2358288411	450986	632224195	16203	51096577	55642	330495695	548977	544092804	82268	791234506	86261	344496770	349351	1671638299	267980	353229537	7457	22964171	29907	180814832	252651	238691865	45570	477950842	47207	176886823	160111	842086613	95477	124408473	2338	7147638	9819	55167919	70997	65950812	14996	168898401	15314	58273725	46671	254656490	48826	61779665	988	3814910	4735	22648752	26731	24496750	7230	84596440	7119	29325552	19708	134488330	36170	50053959	1123	4197028	4302	24488128	18185	20152850	6911	58910311	6920	23636760	23101	146571297
105年11月	台灣	男性	8455	13342242	1693	3834734	1807	18610026	17413	16542707	6398	26583363	3736	13322645	10717	25403540	115581	110923578	22744	51830765	22262	71939621	233412	144507269	106854	314575075	55221	148800740	180034	428009094	451801	510139009	60444	153671915	90620	346319832	866257	639556810	286569	795282925	209234	647470094	807423	1924098953	819433	897548470	87457	226205253	157905	719550369	1413974	1141723304	338923	1177638954	337530	1099795936	1320630	3300534123	1082077	1175041044	89658	223273121	192059	859152003	1641121	1442494182	336858	1391846168	388264	1213871600	1683228	4446043719	1054883	1178095462	67342	174659261	175517	813958437	1472641	1417332927	276897	1338769700	322466	1045673600	1558278	4535790111	950921	1117032510	52410	142467134	153515	750670860	1353622	1342527907	229306	1270281055	255652	884189957	1280173	4432497498	797051	977984861	38351	113216933	125513	654583090	1133333	1146162165	179610	1179806722	196063	736471731	948697	3773614702	570434	742392566	24718	83219090	87983	508413911	823846	837094291	121354	980920303	129561	538706664	594685	2737948969	428384	531462940	16192	59758031	62771	390667504	554874	560739015	83382	762872434	89812	386613530	390111	2036837594	261493	309063788	7445	25040112	35092	239910501	260835	249220288	46258	470986462	50803	226519546	183476	1154609716	95871	121301880	2384	8237505	11648	64722325	73510	69835480	15271	161830334	16925	68901791	54394	402273230	48718	55173541	1058	4432179	5346	26297252	28116	26441950	7514	82589587	8101	33559322	32845	185506007	36189	47097437	1237	4493126	4776	28090477	18933	21054336	7025	61425708	7344	26263451	26008	157800277
105年12月	台灣	男性	9997	16916167	2214	5304403	2036	19874557	19261	18303643	6558	25899018	4428	12879961	12122	31807152	131587	135274697	28519	64912223	23389	73649323	254224	166013662	106070	298849228	62455	150266031	187064	518668784	508608	602224134	79133	194252696	96761	366725926	931711	709884016	292758	776870360	233918	652296866	857142	2144088549	902698	1044331592	112391	282085967	160585	730090296	1478455	1245618462	350591	1125430205	361985	1014172823	1314426	3576315297	1177905	1340593500	117429	286893236	191819	846900023	1711567	1577833295	355897	1374203727	416285	1131607219	1678219	4802163605	1146580	1344542884	91296	229989862	179291	816624115	1546754	1565467937	298351	1323251891	351139	1011908011	1559600	5179661155	1028683	1270417263	71968	190403827	157892	766672395	1409619	1464678887	245583	1253157934	273337	856270606	1326917	4710328546	857750	1101532469	52436	148767041	128076	664105575	1179062	1246745986	186248	1084565919	202885	682432530	953715	4130515613	607483	834345390	31298	101360018	90430	522839131	854952	910997307	122730	876933683	128917	472083237	591794	3099218651	454756	600207394	19916	65542324	63167	389598139	574925	597313780	82807	645359190	85907	306878658	386999	2202065134	279346	349957844	10114	33663962	36062	236076390	273316	270952123	46878	370750120	48580	172358740	189719	1211147182	100601	127317059	3290	10311560	11875	68553158	75765	72242608	15144	122603522	15870	54925334	53289	422158731	51269	60662688	1372	4778874	5404	26746800	28989	27741578	7344	59636688	7560	26711015	22497	147422282	39028	53376906	1616	5597576	4742	29700726	19647	21655314	7109	50679346	7390	21727252	27802	176448345
106年01月	台灣	男性	8376	19410509	1847	4647145	1809	14320489	15030	15186265	6866	30499339	4282	14699783	8588	25263928	113566	134855620	24929	58902049	22754	79252011	214389	148398137	106462	274754406	57556	149864906	195794	453315923	458595	608418535	71284	180994465	88865	354953613	795831	626103592	294287	758621582	207067	608089912	653213	1770293093	831718	1105807754	104813	263883509	152665	720895882	1243948	1075886959	343474	1099051003	343313	978647032	1130825	2960494732	1108777	1523836246	118533	286440136	190816	889292973	1445210	1375247453	346862	1359122743	408967	1145293207	1447854	4087245890	1097035	1595061509	99191	248504517	184389	895311484	1309149	1359160937	294363	1506262672	361652	1069117359	1372400	4254900163	1005998	1578118624	82485	213797548	168788	876590866	1208730	1298046112	246085	1538082076	293669	944029201	1116760	4099471920	851419	1390892140	58961	164251973	137948	755261368	1019002	1104730435	182080	1296429703	216911	744167324	840734	3365148771	614031	1090335282	33752	102171622	95191	544795854	749028	818555852	115224	881761437	133413	503919171	542780	2464033314	455151	775987462	20191	66269385	65266	407685926	499308	532195940	75008	622436235	85469	317819782	338272	1656107929	282952	444676824	10200	33150463	36958	242435056	240173	244751607	42784	368339914	47147	167682898	163871	913839663	101451	162075114	3008	10258963	12227	71014902	66649	67792261	13456	122453680	15220	51182989	47337	298523949	51142	80281259	1310	4283323	5593	33064305	25058	25676570	6495	53885003	7092	25225315	19744	120418223	38568	68102255	1588	5303219	4852	32403668	17801	20274160	6501	49612960	6850	23499265	24049	136346705
106年02月	台灣	男性	7630	14129268	1587	3864432	1978	14131187	15448	14585423	7870	30261707	3994	10754945	9037	28479317	108666	119570214	20161	44896948	22896	67468975	204114	144645345	114735	331319946	52826	129770554	154598	378297190	425792	513475108	53477	133593061	84875	288868328	729738	585524909	294363	802841022	183500	496725563	616601	1499437983	740827	877244608	76326	194342938	140863	594863512	1125975	1000137273	341200	1172749066	285883	785368036	1076109	2573463881	973273	1133477347	81094	193770118	175601	708225325	1312463	1268094241	348405	1432932631	335268	898011552	1317107	3430846517	942236	1119489209	61925	148549991	167749	701897459	1189029	1249101980	295575	1508951881	287014	789531051	1222235	3460435242	850996	1082974036	49822	122484917	148122	644986874	1094891	1184440637	263587	1968056274	227814	670943104	1020963	3389488733	708634	932933199	38030	99682548	117733	540956355	919882	1003627477	208523	2053298642	169114	542948531	763696	2978780208	501365	713535499	23526	71186108	80284	402571362	676968	747779281	127967	1226745760	106688	374690592	473050	1946291071	367687	504391913	14763	46597456	54931	291133345	452890	493437123	80920	715173111	68654	232729141	301858	1260378060	228870	300975488	7790	25924946	30861	178591866	219852	229754766	44806	402332361	38403	135022881	151962	651416897	82573	117813027	2377	7609226	9931	50078829	60660	62647307	14571	135571929	12352	38337238	44853	196484667	41733	54857643	1008	3602571	4791	23500321	23488	23269076	6874	59654208	5733	18330711	20038	85524669	30807	43973819	1061	3854482	4191	25866993	16147	18453388	6972	58126584	5611	17588599	21481	108861533
106年03月	台灣	男性	8824	13266527	1305	3007123	1621	10049351	18263	17910162	7410	26789519	3189	8326431	11254	26843765	130534	123258532	18417	39018296	21308	67468692	241997	162268309	116634	327939234	47905	109575385	185526	433545543	471680	520304266	50585	119199019	80640	291616805	833925	647661107	307743	839020219	168851	428717947	742846	1849325861	801822	889102370	71143	170656912	133576	595043164	1301672	1120531751	360151	1257802046	266167	728806886	1315042	3184595939	1037764	1157006483	75142	171521065	162359	685184159	1532702	1459206106	356982	1515432126	313154	800322291	1729667	4402308931	1006292	1145392816	55399	130028229	151627	665777953	1391365	1450612367	290979	1452726324	264184	727193592	1636011	4610224737	905910	1103477343	44074	108856604	134571	627213727	1282449	1371123013	238179	1393599684	208195	593678277	1346544	4310521340	759986	954719396	33828	89226913	111506	526847414	1078951	1166606600	186332	1295740457	160360	497117946	1008995	3651408977	552343	741575947	22041	65187034	80415	428338255	798787	881561334	128029	1131270946	105825	370143609	643243	2610495965	417594	531285691	14399	45750002	57654	320323883	539584	581816664	89085	920662993	72695	243758259	428735	1813165515	267265	334787801	7871	35387702	33653	194505520	267453	279104845	52743	607351117	42198	140216630	244455	1002580689	97399	127542188	2556	7875992	10791	51287994	74832	77646637	17522	215556714	13671	45307692	62077	305175217	49619	58365295	1051	3783177	5289	24273410	28645	28480308	8327	94829621	6499	20804878	25298	139920684	35920	47442784	1046	3849665	4248	21759157	19160	22114719	7453	69590517	6186	21078934	28258	148056485
106年04月	台灣	男性	8949	11429146	1358	3199849	1588	10900132	17158	16528414	7627	25545961	3286	8674505	11150	23186441	139325	127947931	20570	41113184	21954	72933308	254137	163389862	126070	299020708	51031	117962103	192564	397670626	511759	548333672	58379	131459258	86094	326133666	877595	648891823	328289	766178451	187132	517345524	771747	1693997765	876207	953240846	86454	200462486	145320	702109530	1377122	1124492699	376035	1112579135	300692	852440650	1250329	2970063013	1156480	1255323362	95008	208766997	177748	819286430	1630163	1459036554	370365	1351026962	357708	997659971	1609332	4138013032	1124653	1236382997	70389	152824994	168042	810987946	1468116	1449991968	301013	1295982398	303542	884190892	1496463	4275149341	1005407	1168901736	55394	124664730	148146	738049300	1335291	1365045396	243020	1270359826	240477	730627791	1228265	3985821083	832931	1008008017	40440	98575681	120272	625662492	1116995	1149711273	185575	1169558534	184803	616282662	921839	3319424966	593067	774669327	25619	70491120	86579	521232412	827564	862817776	124221	997131122	121352	444850986	578546	2408698032	437965	553663571	16248	46392344	59840	358732049	552993	564397525	85002	846757847	82500	298296038	371501	1678600670	274903	337105539	8927	27445378	34359	209529700	272664	268154871	49578	556227221	47127	175179445	182877	970729150	99778	125089762	2762	8228712	11305	58958902	76363	72600062	16662	211043527	15509	55126164	53681	266766977	50391	58803596	1157	4069057	5262	26282991	28783	28585244	7836	93604272	7299	25124573	22020	113497631	36957	48023008	1173	4064451	4403	28727740	18157	19826807	6915	58836043	6676	24261715	24368	168460337
106年05月	台灣	男性	8437	13848991	1668	3356809	1662	14450362	17012	17210110	6766	29569480	3673	9951016	11184	26402281	129820	136940675	22949	43286612	21831	72070038	241287	160560890	107553	284483769	55805	128935491	197020	476351566	493287	595087649	61950	133575488	83619	314516466	822537	619367826	288697	775725513	195478	515069808	831122	2480846840	836037	1010006048	89508	199410292	138841	637037436	1260645	1042197264	340796	1131525072	304510	827467398	1338824	5266710419	1094908	1315903349	97991	211977749	169861	770398416	1491975	1346839856	346049	1425759117	361436	971958069	1709597	8399153038	1054313	1267971274	73784	159062341	160528	757545711	1359064	1361098821	287580	1459420416	306768	855168701	1570421	10132270670	943943	1202524771	59312	137132767	142935	710900106	1251865	1288008474	236943	1457582197	246555	726955900	1296656	10681574373	789309	1057327011	45001	109371623	116503	584509548	1053751	1100647805	182682	1334910518	188225	619719229	956970	9331763901	569301	797236775	27952	81452098	84597	494475077	784904	827080671	124164	1144733625	125013	443753684	614158	7350765965	419973	568828099	18210	54797741	58865	337891642	523954	544573305	85254	958533076	85517	299029797	390681	6394548276	267334	346643376	9769	31252159	33588	200363876	261249	257819560	50131	638936771	49433	175595353	191809	6601440946	97006	132666900	3085	9331802	11374	61270325	72938	70117227	17430	230754860	16458	52557630	57944	1531656843	47967	59317655	1335	4155553	5193	25013171	27479	26042995	7975	107434241	7549	24691163	23565	415447356	36188	51578116	1239	3679451	4506	29793666	18196	19736572	7048	69244777	6865	20321358	26917	635778990
106年06月	台灣	男性	8436	14630258	1546	3151352	1844	17847378	15032	17180508	7352	38245975	3998	9935529	11328	32112534	114790	126918409	21559	39834749	22063	72632454	206761	150812386	109510	319237173	52069	112077778	203053	401468048	430241	510782794	57159	118259278	79209	340734549	696005	568173211	293492	757267230	178604	427875752	700432	1686585404	720923	863177364	81090	176111123	126718	579530677	1033544	933903087	343133	1049498730	276173	675004939	1144800	2900215622	952220	1154220224	87234	184249101	157377	732573645	1215772	1198343091	343457	1378738498	332108	797612410	1493432	4233005363	915293	1136146115	64611	140452353	148712	722311411	1118943	1197390474	278889	1559104208	282135	714955396	1367717	4612569306	836554	1090860367	50499	112911303	134858	693142546	1056143	1159829555	228150	1656291586	225539	622222321	1126521	4559231939	713815	943501135	37435	88978714	113240	592445759	901958	1007527083	173409	1436779726	174319	508980649	832043	3939150758	520787	725288906	24045	65038162	81704	464114061	670895	739471490	115551	1072916018	115099	375609087	536779	3150774094	388569	520053331	15100	41597488	55455	320113084	442029	475326322	76873	835425467	77636	241647922	343230	2138476138	248481	315221192	8045	28420261	32345	189184822	220359	228965054	45019	542136075	45688	142150540	173380	1319937491	90494	113627308	2594	7208727	10857	55997829	61090	62925890	15048	200268883	15183	43452312	51216	432192947	44608	51604316	1048	2986149	5067	23488927	22975	22625086	6924	93669528	6841	18530509	20540	218711813	32660	44163499	1158	3707127	4156	24028121	16693	21142356	6438	61484781	6418	17969565	24734	174696006
106年07月	台灣	男性	9266	16298318	1834	3321689	2116	16788806	15390	17340682	8186	37775700	4537	12556810	11253	29008624	129386	138446996	21774	39592847	26070	86941683	220909	155787945	113365	303629707	56139	124039863	195025	426911935	502547	582481061	60591	121632008	91888	371702096	757485	584881787	304594	752329433	192812	476174155	769408	1806129667	828996	946868579	85976	180314072	144934	647112349	1105941	951414012	348579	1017543051	297105	746184529	1230754	2948605095	1089974	1261570015	95118	194253427	185158	867053742	1309149	1238271926	363620	1369361116	362877	876865940	1601548	4113667641	1043462	1260538094	73934	152430621	183341	914787744	1215040	1240177620	310935	1559261747	318696	819470596	1407649	4280848325	952737	1222389816	60915	129700205	171843	880970834	1132475	1197518350	257572	1652033511	259539	704278869	1162849	4110920694	810636	1058507282	45140	103632965	139266	720947502	959729	1030248555	191834	1419403035	195507	577995226	873273	3484459933	586567	792549037	27457	67861208	94860	536867744	718106	770139390	123869	1018471604	123442	395615612	584586	2561848839	433920	563372726	17273	46584585	62713	348737996	474704	502436928	81278	740719427	81120	249805691	347554	1861942590	277927	336216434	8859	24423369	36245	214796938	238787	236208162	47244	466209556	47582	161812402	173828	1065380772	102468	125378623	2923	9049244	12538	68875524	66963	64249451	15801	162728906	16323	52518128	51449	343750372	50040	58887159	1161	3554007	5821	28611791	24815	24467806	7293	70182718	7053	28564785	20575	130285453	36311	49165431	1160	3592221	4825	32502413	17268	19459586	6749	52112807	6830	19485294	24977	148308724
106年08月	台灣	男性	9769	15427403	1711	3286503	2209	16920490	16734	19490785	8422	36923699	4565	10979937	12838	30589859	133769	147148451	20669	37536062	26391	84440348	227869	161108552	114757	332484672	56346	123299474	200704	470732254	511799	615655002	55853	115645660	91892	352181508	781163	615273832	294632	808211186	190631	464832021	777698	1824833100	824746	1011307507	77570	165284735	143542	619769220	1134102	1007648176	338836	1128220588	284938	704988045	1228325	2904508007	1076188	1325921362	86156	173909420	185445	819494525	1345735	1292717430	352967	1417529531	343447	844992251	1567626	4055215357	1033774	1343826983	67095	137724177	185124	867533916	1244342	1295578637	304537	1641956361	297922	755644021	1399657	4299486755	943109	1269159651	55815	118025690	173619	856643408	1155821	1237743764	263776	2015649989	241770	640126887	1190852	4243567357	815237	1128302935	42742	99794115	138989	724213275	975696	1066397318	206115	1879781811	185130	532286686	865371	3746260049	601577	864161347	27398	70545329	94925	518400878	728779	796701329	134540	1272801104	120949	377496891	562652	2777342823	447219	607151383	17125	45489849	62147	337508303	478131	515604808	86485	867000356	80828	236232214	349927	1848835093	293139	376597047	9038	26627735	35601	198260716	242053	248061832	50994	530535855	47650	137498885	175131	1140782767	108315	137017113	2958	8452868	12423	60760465	68227	69630991	17002	186630031	16523	44292347	55622	370697123	52905	66489688	1212	3737843	5803	27698544	25621	25330984	7962	89332042	7281	19743033	22112	169188575	37643	54109663	1182	3663057	4763	33990004	17800	21695694	7139	65319556	6614	16857369	24851	150365988
106年09月	台灣	男性	8630	12934760	1610	3067466	2093	16188332	17103	17624692	7469	27708394	3830	9679449	12352	31399529	123581	135220757	19068	37679000	25178	81320817	224327	155422157	112738	314053828	50272	117133607	200729	497190233	479030	568296975	52711	119539538	85683	339094272	751385	594860515	296517	831666736	174953	470616590	760479	1965397042	769691	930092919	72735	169165203	131053	576286744	1081851	963739082	333810	1154379338	265096	736130540	1237311	3087224740	1007754	1239442831	78771	172831626	161938	719268268	1277366	1246224400	339890	1366969414	314973	849263929	1494638	4131072281	960304	1229601718	56765	129141784	151616	721106766	1168353	1233762434	282912	1375355709	264240	764285266	1356094	4286611732	877457	1192047450	44697	103571074	141488	686011048	1097984	1180133483	241446	1568821465	211511	638527412	1142825	4167930899	756795	1043519315	34658	86357624	120348	613604726	942508	1027538602	194254	1660349623	166898	536205306	843003	3740318277	561965	804541273	23170	66785137	86367	462823138	711401	787128817	130052	1280189292	113442	389448202	544988	2793116238	417762	590858943	14137	44171614	57629	319771230	469312	513301610	83896	926102354	76219	259357687	339290	1891679219	271158	356405000	7608	27669548	32461	178820697	239107	247347964	50212	615773310	45447	148918225	174797	1148458622	101392	128173953	2313	7515244	11392	55510236	67853	68065667	17317	210768680	15741	60104067	51747	348398066	49083	62987411	965	2794570	5078	26678076	25393	25937595	7906	95585802	6952	22917954	20237	134725334	34938	50285930	1001	3947802	4201	26287649	17151	19907119	7168	68786917	6357	18746697	23971	165983205
106年10月	台灣	男性	9265	12549566	1877	3784134	1783	12800375	17264	17164046	7381	22369491	4248	12012396	13274	23323473	134372	141307417	22177	46234349	24557	74917576	236346	168818743	119058	307312305	63101	166614253	215730	451894612	512222	601315135	63450	150148145	92627	370558931	783417	651313191	318267	854109282	228779	703297596	803124	1850133051	822259	981716091	88664	212586853	145278	654646989	1124622	1044830438	358358	1134258968	346734	1133790544	1294427	2942898592	1088702	1291756940	98792	220042704	183922	840796795	1339584	1365448372	366278	1355307744	420074	1318459152	1569250	4015745884	1032011	1274978524	72406	160931415	172661	845532396	1219989	1333508988	293813	1275452964	346427	1098719271	1398565	4059810189	924919	1196251967	56267	128070138	155248	764536777	1126021	1245359525	238038	1219597815	273725	936959463	1145922	3832837742	782353	1055240443	42417	104629658	130950	692442177	961803	1082341195	187068	1171904959	213888	778333025	919489	3365619288	570731	802545042	27575	76686314	96689	540884769	732568	840097725	130600	1072022620	144619	591204001	566006	2491794189	420996	603327136	17264	52128011	66655	412111584	487314	555143180	89697	899829174	97004	387260167	365335	1668297542	275881	374054019	9514	30773547	38440	241676455	250525	270234781	53871	598974635	58001	231629756	184968	1046400701	103063	135415045	2995	9494027	13226	75593555	71033	74828131	18217	213652822	19767	77835647	55804	340166789	50126	65147231	1318	4503830	5998	32028618	26509	28310692	8480	104398525	8570	30475345	22547	174370609	35488	51902673	1230	4464215	4900	33357270	17458	20920404	7090	65061542	7517	25741271	25092	132838728
106年11月	台灣	男性	9442	11279263	1874	4205874	1742	12262707	17983	17617489	6357	22496396	3858	12298074	14651	29333889	136822	127035650	23255	52500392	25741	82483931	236055	161761599	106790	292371886	62547	172469985	236184	542617300	493163	538667761	61466	154475928	93502	400520626	760070	614013306	282900	789180850	221024	719164424	846865	2305887239	768901	889310490	81270	203010512	146645	687096868	1077785	993025145	324539	1084465857	328242	1119630815	1345132	3644291776	1005368	1168771455	90579	219521262	184293	855582921	1289279	1300764413	341151	1328801943	405143	1332932196	1655178	4846455800	942911	1150556208	67790	163769547	171195	817590209	1173825	1294820352	279351	1313049522	336779	1149980490	1481225	4832168004	844075	1088785869	52112	134955202	155232	766551748	1096326	1251596164	227059	1243807019	267849	966494594	1209490	4598701205	720016	970191230	38704	106318457	130676	693922732	939494	1082724102	177926	1157449619	206998	795251851	917082	3933604595	534182	763153625	25720	78966143	96454	542172432	715389	836088518	124852	988834714	143038	602273178	634717	3013151898	398156	560473172	16526	55151067	67842	420520545	481207	553102714	86329	793522666	97866	432207767	383472	2202179897	265870	355909181	8970	31922144	38317	242129861	250493	268667949	52611	518433267	60600	277663307	196631	1408210220	100821	129846058	3047	11611386	13438	70484398	72104	75833413	18034	192401066	20888	92991121	60611	482773035	48453	61434806	1213	4211137	5901	32498816	27310	29398577	8338	89554679	9202	42040357	24425	194478127	34257	47505078	1191	4506102	4593	30674405	17205	21088131	7035	60206845	7458	31474191	26171	182288304
106年12月	台灣	男性	11461	12720029	2280	6053222	2148	14400002	19734	19966448	7877	22330346	4784	13621566	15072	32029831	165038	159170937	29828	66198215	29248	94716250	264217	186854082	120785	299842254	71735	175090207	246934	559713976	575896	643647575	76827	189105924	102827	391939470	823715	681464935	307330	784520215	242287	665332716	859209	2269750983	864038	1031532380	101442	255660817	156439	705974258	1141385	1078769132	340689	1034424519	342615	962643692	1291203	3458676500	1118637	1343017007	114327	271539862	195281	868138338	1369872	1422527500	364801	1311972713	416010	1145488524	1641455	4751428191	1042488	1305309729	88402	215255928	183361	879153415	1247278	1414480573	303236	1275167289	355792	1001071080	1458194	4936668845	926602	1248047694	71013	182156569	165503	794197088	1163742	1347978511	247450	1218473031	284383	860043497	1185679	4716500277	783387	1091881451	53215	141393397	137328	691351627	998659	1163733246	190850	1073967945	214677	706224354	899297	4109295453	577070	848271636	33816	98843109	101501	579835209	760049	900881872	129607	902726054	142496	518122856	584946	3027942433	422687	627621788	21424	66759383	69859	439536779	509491	593875795	86896	681163413	94359	331084992	370940	2094974058	280473	389545537	11770	37552787	40166	256529896	265320	289508653	52305	436007330	56465	209032243	192768	1261578368	106503	142530412	4023	13548926	14094	82939710	77036	82018642	17858	150340748	19731	64561159	59683	404953827	51275	65657559	1636	5853616	6294	32130633	28473	29939258	8060	68968563	8404	31111384	23766	167077668	36717	55973437	1542	5568076	4850	31405142	18027	24358812	6758	46394261	7543	21889459	25984	148486530
107年01月	台灣	男性	8926	11252704	1429	3380295	1654	10837656	15106	14910607	6682	26994745	3549	9653459	13603	34441945	137291	133820728	21156	46672905	25279	81939671	236224	170198814	113609	313616598	53453	129908079	236643	494337358	494409	540156239	57164	138046461	87982	339698802	745104	627191344	288570	796785525	178734	479994043	837569	1938245699	741285	862396721	76329	186880867	132851	608203377	1019467	975507566	313946	1055037534	260740	719478294	1248928	3011870248	964880	1183583147	89987	213954371	170125	796636389	1232629	1288305543	333349	1382864587	328312	878349690	1590680	4239925539	903004	1170740512	69834	172931234	160514	776123948	1119226	1289173667	279581	1500189335	285897	808390130	1414789	4396478341	807063	1155345293	54651	143214548	145202	729090365	1036898	1226025212	231630	1506711333	230538	696586320	1157596	4181269222	689846	1034082531	40569	111032775	121046	638116339	882704	1058836854	177209	1284143809	177688	573051999	878392	3559305734	515854	819182753	25810	78316916	87388	502483997	669633	825362472	119127	939482250	117972	422927183	573613	2742244957	377941	607859573	15904	54278705	61053	387248482	445282	540122373	78807	685344656	77307	268967671	363981	1917535450	253012	377069805	9321	31567693	36541	218303548	235204	268312875	47736	441386571	47386	166327406	190552	1134037629	97714	137332303	3174	11577348	13114	74767516	68139	75479341	17058	157477909	16354	54295716	59894	372694213	46239	65261148	1227	3954555	5627	33828072	25257	27201545	7518	65078970	7035	24095589	23479	151872743	32892	52085462	1234	3980653	4447	26828682	16431	20441101	6258	48367012	6516	20049047	25256	136879268
107年02月	台灣	男性	8576	14328013	1688	3965905	1859	15798863	12940	13044325	7915	27507241	4180	12336526	11464	25097413	150360	152338787	24445	60767974	27118	91147744	214323	154515123	121283	322339804	65142	175744931	205291	455327742	555386	626269314	64047	164379105	92212	340652765	683579	565723618	297652	795525647	217833	643394841	700486	1649295103	833791	991206236	84095	212246217	140299	590928439	954603	881001956	320660	1020994283	313893	941181410	1044076	2559914271	1098589	1394048624	100136	243915000	181901	784747702	1169492	1169009182	341535	1279608900	397567	1150881497	1345346	3502950689	1033427	1432907118	82981	202327598	175908	827000977	1069088	1175248725	286626	1364599635	348481	1043543809	1205846	3563469998	930060	1433809941	70472	181726080	161195	792630567	993924	1112003179	249497	1767755308	284100	892585940	997002	3523806950	794985	1280292795	53641	145951420	132271	676730410	858624	964920004	197871	1846789764	218232	731184927	765272	3258421783	588848	994811292	32145	94248986	93556	508761755	659030	753697658	123741	1162398348	139026	495671290	496152	2321318532	425870	732867358	18900	60309632	62860	376446014	437296	491286614	74280	671025004	85705	303399419	306124	1487660410	282253	467228966	9871	32366180	36536	219605956	230600	249930678	43393	382776213	50043	180425996	158996	854613143	108349	174861189	3298	11283997	13109	72695950	67147	71326752	14598	131887767	17237	55816441	48693	260856969	51053	81858298	1353	4697233	5670	31729463	24448	27217383	6407	57384630	7426	24002034	18943	152298636	35028	64995902	1236	4170776	4406	25290336	15347	18364078	6024	50846631	6447	19742103	20290	103747091
107年03月	台灣	男性	10449	11252916	1393	2793920	1689	15991757	19260	20625653	7384	27957835	3542	8799679	14700	31626220	179939	144743765	20023	43497437	26503	82294456	265734	189710716	121646	347701844	56087	134194646	247978	544860232	626803	570083705	51392	124275055	90271	322254330	796811	665366370	301029	918200455	179081	489563775	849299	2115083090	879487	870582445	67720	169508322	132277	569379305	1096522	1032815267	329723	1237786987	254053	708472961	1279273	3237441256	1096943	1137926713	75374	180858646	167142	704176374	1342619	1368902151	356158	1561534710	312322	847073727	1668739	4519328906	992168	1120549820	53911	127562316	155942	723028245	1226299	1389274068	293997	1542384299	264157	731277447	1517277	4616147219	863297	1054466619	41731	105938058	137827	641582131	1139936	1310063355	243060	1487939002	209674	611185318	1255458	4430160615	733941	941214991	33259	86237622	117066	580714612	983698	1146395171	193654	1398378191	168631	521153586	967993	3897210954	558352	749170940	22632	68587232	87129	453660890	764169	898370029	138158	1215893326	117239	381999543	641208	3036793103	407840	562757684	15001	46074821	61118	360862743	513387	599064372	94838	1008396980	77692	264707240	407760	2079941442	279827	365232435	8837	27240711	37564	213660761	278696	305157975	60537	706474704	48365	158873031	218123	1283879867	108530	137237188	2997	11580805	13393	72784509	83200	90855109	21962	260420421	17095	53241934	68662	400844647	50453	65429944	1182	3613549	5760	29453886	31145	34493016	9593	108762843	7068	27719896	26715	184121339	35477	51096538	1008	3435674	4572	24046326	18118	23196773	7825	73141507	6444	17726297	26667	160558769
																																																																																																																																																																																																						
																																																																																																																																																																																																						
備註1																																																																																																																																																																																																						
首列「20[含]-25[筆數]」係指「年齡20[含]-25持卡人交易筆數」，「20[含]-25[金額，新台幣]」係指「年齡20[含]-25持卡人交易金額」，其他年齡層亦以此原則類推。																																																																																																																																																																																																						
