年月,地區,性別,食品餐飲類未滿20[筆數],食品餐飲類未滿20[金額，新台幣],衣著飾品類未滿20[筆數],衣著飾品類未滿20[金額，新台幣],旅館住宿類未滿20[筆數],旅館住宿類未滿20[金額，新台幣],交通類未滿20[筆數],交通類未滿20[金額，新台幣],文教康樂類未滿20[筆數],文教康樂類未滿20[金額，新台幣],百貨類未滿20[筆數],百貨類未滿20[金額，新台幣],其他類未滿20[筆數],其他類未滿20[金額，新台幣],食品餐飲類20[含]-25[筆數],食品餐飲類20[含]-25[金額，新台幣],衣著飾品類20[含]-25[筆數],衣著飾品類20[含]-25[金額，新台幣],旅館住宿類20[含]-25[筆數],旅館住宿類20[含]-25[金額，新台幣],交通類20[含]-25[筆數],交通類20[含]-25[金額，新台幣],文教康樂類20[含]-25[筆數],文教康樂類20[含]-25[金額，新台幣],百貨類20[含]-25[筆數],百貨類20[含]-25[金額，新台幣],其他類20[含]-25[筆數],其他類20[含]-25[金額，新台幣],食品餐飲類25[含]-30[筆數],食品餐飲類25[含]-30[金額，新台幣],衣著飾品類25[含]-30[筆數],衣著飾品類25[含]-30[金額，新台幣],旅館住宿類25[含]-30[筆數],旅館住宿類25[含]-30[金額，新台幣],交通類25[含]-30[筆數],交通類25[含]-30[金額，新台幣],文教康樂類25[含]-30[筆數],文教康樂類25[含]-30[金額，新台幣],百貨類25[含]-30[筆數],百貨類25[含]-30[金額，新台幣],其他類25[含]-30[筆數],其他類25[含]-30[金額，新台幣],食品餐飲類30[含]-35[筆數],食品餐飲類30[含]-35[金額，新台幣],衣著飾品類30[含]-35[筆數],衣著飾品類30[含]-35[金額，新台幣],旅館住宿類30[含]-35[筆數],旅館住宿類30[含]-35[金額，新台幣],交通類30[含]-35[筆數],交通類30[含]-35[金額，新台幣],文教康樂類30[含]-35[筆數],文教康樂類30[含]-35[金額，新台幣],百貨類30[含]-35[筆數],百貨類30[含]-35[金額，新台幣],其他類30[含]-35[筆數],其他類30[含]-35[金額，新台幣],食品餐飲類35[含]-40[筆數],食品餐飲類35[含]-40[金額，新台幣],衣著飾品類35[含]-40[筆數],衣著飾品類35[含]-40[金額，新台幣],旅館住宿類35[含]-40[筆數],旅館住宿類35[含]-40[金額，新台幣],交通類35[含]-40[筆數],交通類35[含]-40[金額，新台幣],文教康樂類35[含]-40[筆數],文教康樂類35[含]-40[金額，新台幣],百貨類35[含]-40[筆數],百貨類35[含]-40[金額，新台幣],其他類35[含]-40[筆數],其他類35[含]-40[金額，新台幣],食品餐飲類40[含]-45[筆數],食品餐飲類40[含]-45[金額，新台幣],衣著飾品類40[含]-45[筆數],衣著飾品類40[含]-45[金額，新台幣],旅館住宿類40[含]-45[筆數],旅館住宿類40[含]-45[金額，新台幣],交通類40[含]-45[筆數],交通類40[含]-45[金額，新台幣],文教康樂類40[含]-45[筆數],文教康樂類40[含]-45[金額，新台幣],百貨類40[含]-45[筆數],百貨類40[含]-45[金額，新台幣],其他類40[含]-45[筆數],其他類40[含]-45[金額，新台幣],食品餐飲類45[含]-50[筆數],食品餐飲類45[含]-50[金額，新台幣],衣著飾品類45[含]-50[筆數],衣著飾品類45[含]-50[金額，新台幣],旅館住宿類45[含]-50[筆數],旅館住宿類45[含]-50[金額，新台幣],交通類45[含]-50[筆數],交通類45[含]-50[金額，新台幣],文教康樂類45[含]-50[筆數],文教康樂類45[含]-50[金額，新台幣],百貨類45[含]-50[筆數],百貨類45[含]-50[金額，新台幣],其他類45[含]-50[筆數],其他類45[含]-50[金額，新台幣],食品餐飲類50[含]-55[筆數],食品餐飲類50[含]-55[金額，新台幣],衣著飾品類50[含]-55[筆數],衣著飾品類50[含]-55[金額，新台幣],旅館住宿類50[含]-55[筆數],旅館住宿類50[含]-55[金額，新台幣],交通類50[含]-55[筆數],交通類50[含]-55[金額，新台幣],文教康樂類50[含]-55[筆數],文教康樂類50[含]-55[金額，新台幣],百貨類50[含]-55[筆數],百貨類50[含]-55[金額，新台幣],其他類50[含]-55[筆數],其他類50[含]-55[金額，新台幣],食品餐飲類55[含]-60[筆數],食品餐飲類55[含]-60[金額，新台幣],衣著飾品類55[含]-60[筆數],衣著飾品類55[含]-60[金額，新台幣],旅館住宿類55[含]-60[筆數],旅館住宿類55[含]-60[金額，新台幣],交通類55[含]-60[筆數],交通類55[含]-60[金額，新台幣],文教康樂類55[含]-60[筆數],文教康樂類55[含]-60[金額，新台幣],百貨類55[含]-60[筆數],百貨類55[含]-60[金額，新台幣],其他類55[含]-60[筆數],其他類55[含]-60[金額，新台幣],食品餐飲類60[含]-65[筆數],食品餐飲類60[含]-65[金額，新台幣],衣著飾品類60[含]-65[筆數],衣著飾品類60[含]-65[金額，新台幣],旅館住宿類60[含]-65[筆數],旅館住宿類60[含]-65[金額，新台幣],交通類60[含]-65[筆數],交通類60[含]-65[金額，新台幣],文教康樂類60[含]-65[筆數],文教康樂類60[含]-65[金額，新台幣],百貨類60[含]-65[筆數],百貨類60[含]-65[金額，新台幣],其他類60[含]-65[筆數],其他類60[含]-65[金額，新台幣],食品餐飲類65[含]-70[筆數],食品餐飲類65[含]-70[金額，新台幣],衣著飾品類65[含]-70[筆數],衣著飾品類65[含]-70[金額，新台幣],旅館住宿類65[含]-70[筆數],旅館住宿類65[含]-70[金額，新台幣],交通類65[含]-70[筆數],交通類65[含]-70[金額，新台幣],文教康樂類65[含]-70[筆數],文教康樂類65[含]-70[金額，新台幣],百貨類65[含]-70[筆數],百貨類65[含]-70[金額，新台幣],其他類65[含]-70[筆數],其他類65[含]-70[金額，新台幣],食品餐飲類70[含]-75[筆數],食品餐飲類70[含]-75[金額，新台幣],衣著飾品類70[含]-75[筆數],衣著飾品類70[含]-75[金額，新台幣],旅館住宿類70[含]-75[筆數],旅館住宿類70[含]-75[金額，新台幣],交通類70[含]-75[筆數],交通類70[含]-75[金額，新台幣],文教康樂類70[含]-75[筆數],文教康樂類70[含]-75[金額，新台幣],百貨類70[含]-75[筆數],百貨類70[含]-75[金額，新台幣],其他類70[含]-75[筆數],其他類70[含]-75[金額，新台幣],食品餐飲類75[含]-80[筆數],食品餐飲類75[含]-80[金額，新台幣],衣著飾品類75[含]-80[筆數],衣著飾品類75[含]-80[金額，新台幣],旅館住宿類75[含]-80[筆數],旅館住宿類75[含]-80[金額，新台幣],交通類75[含]-80[筆數],交通類75[含]-80[金額，新台幣],文教康樂類75[含]-80[筆數],文教康樂類75[含]-80[金額，新台幣],百貨類75[含]-80[筆數],百貨類75[含]-80[金額，新台幣],其他類75[含]-80[筆數],其他類75[含]-80[金額，新台幣],食品餐飲類80[含]以上[筆數],食品餐飲類80[含]以上[金額，新台幣],衣著飾品類80[含]以上[筆數],衣著飾品類80[含]以上[金額，新台幣],旅館住宿類80[含]以上[筆數],旅館住宿類80[含]以上[金額，新台幣],交通類80[含]以上[筆數],交通類80[含]以上[金額，新台幣],文教康樂類80[含]以上[筆數],文教康樂類80[含]以上[金額，新台幣],百貨類80[含]以上[筆數],百貨類80[含]以上[金額，新台幣],其他類80[含]以上[筆數],其他類80[含]以上[金額，新台幣]
103年01月,台灣,女性,6367,5630047,2530,5136820,863,2646951,8667,5330730,4669,21169066,5872,11794450,7755,10343486,161676,183810183,61416,141537155,25353,89107123,183382,126563809,99224,295395830,147438,313875867,238496,538222055,531329,716481801,171894,429042854,83720,349610672,519521,447573959,266763,954549549,465417,1100421237,842877,1953637557,959999,1404051220,304144,792412493,148789,684431407,748247,755189680,365586,1495385204,780601,1912333469,1446248,3669123747,1238121,1838346773,354979,958120114,184001,917024301,774249,860115925,395379,1825121251,890917,2296828045,1646049,4785965309,1322535,2030080753,329681,967435761,193448,1020457469,717436,837983340,375627,2063412404,826221,2336269912,1534392,5038047937,1235337,1938853416,264694,896308316,180897,1026409941,622035,742245609,303692,1954559660,677773,2121979058,1327418,5019792481,956823,1570283907,166614,651447643,140203,783845845,472357,564143557,192584,1365779855,448195,1596488766,935969,4000279515,654915,1080362829,93533,409716915,91729,563711833,284858,344248657,105359,785637839,270259,985888820,560310,2596157288,386736,617305513,45569,203221744,48039,267251315,133953,155854912,51079,406127605,146400,516820152,275456,1323791156,133363,199052101,13304,57662049,15473,80795927,36835,41044769,15453,131422023,47565,165428702,74851,410635044,54349,82834404,4213,20586838,5659,30130337,11513,13364651,5456,54178147,18877,67382284,25041,151883084,17844,27244702,1160,5634529,1973,13429677,2772,3549711,1766,18209158,7330,25281412,6885,38569379,14731,26009002,4641,20031064,2590,17404327,5242,7677708,5004,44407782,8301,26576869,17461,105369698
103年02月,台灣,女性,5557,4965833,2078,4021366,882,3099999,7677,5123918,5099,17297851,5695,10541876,7330,16441352,135603,143145844,46864,101832950,23008,70452872,160261,117870940,106142,316372690,136526,295491373,211168,460362285,435086,524280350,119769,285306818,71363,256420066,457438,414752373,271688,967949520,403653,941826096,741879,1622287036,779241,968039952,197793,490669167,123231,497631632,666266,684115951,361401,1444659346,650415,1521041571,1280876,3065686713,995923,1202989483,215989,546254476,148300,638633286,691572,778097276,389609,1632269815,721292,1717890774,1470565,3970834417,1059655,1291351831,197769,541557477,149431,691526337,640309,741659963,387380,2025281590,661240,1723216807,1377573,4259121180,983078,1237100879,169339,531810499,136824,698192043,560746,663758545,334348,2474299329,550354,1590289768,1196979,4334054477,738107,977986161,119165,430210792,103894,509552097,427119,507488629,208940,1708198830,373804,1234994003,842009,3392308877,489224,668079023,69341,279504842,67044,354902748,255783,312969696,106435,793672617,224071,770226917,497971,2165731895,284980,382151244,34855,139961738,34474,166503557,120110,144161949,50357,365195383,118645,393756598,244139,1070496663,97515,133314472,9998,40842986,11033,55264788,32861,39522707,15036,128185045,37352,126369408,65791,311667355,38769,52802841,3302,13365755,4237,19852197,10121,11227730,5278,48046590,14540,48289600,21619,138393565,13363,20160588,861,3684268,1548,10635746,2535,3848962,1683,15353968,5391,18516054,5799,29470419,10758,19095719,2978,12227557,2088,13708870,4489,6864215,4985,46521446,6794,22098413,15390,92901542
103年03月,台灣,女性,6328,5030582,2294,4115659,753,1852200,10135,6678326,4653,11622497,5423,9374201,8723,10143672,161371,161168786,54162,112406244,22718,69522304,195664,141459475,114495,311800057,136493,270043990,247373,502206485,506697,587445544,144478,339442221,71436,264864394,534026,480489798,295988,1045007301,416052,921471496,861860,1874127109,917019,1093690490,241049,588683898,124110,533018434,769856,789695880,386517,1595206422,681922,1591734718,1485447,3584480056,1178652,1343298208,254228,653307082,146025,648339548,796746,895706730,395648,1670940441,742206,1788879959,1693462,4703646418,1236763,1388167190,216691,598478442,142742,690194461,729760,848932076,351568,1591391061,644566,1688509267,1553855,4945688065,1136927,1303115024,181006,586219701,130875,709381669,634619,752518491,282752,1469277885,525668,1557238831,1344403,4840040279,865378,1042812476,127868,473511373,103689,558902234,484998,584579844,191667,1222563996,362120,1220246292,958948,3989243179,588008,735453939,78610,320583714,69622,416656193,296787,363073481,113079,870846082,229670,808371848,575571,2752175817,349749,425972562,40148,165283990,37231,200633492,142725,173810740,58782,513748513,128419,442445504,285878,1528778193,122558,144305991,12056,50521591,12392,64335573,39921,48464706,18733,187942216,42402,152930998,79095,464977833,48873,58766625,3742,16642737,4640,25289849,12393,15728875,6600,76123301,16463,59839231,25252,156958766,16535,21011024,1092,5349587,1660,12132894,3131,4676913,2088,26442135,6334,21172494,6910,59529430,13152,19633891,3481,14352481,2119,12585512,5439,8341034,5111,43015061,7398,23208641,17732,111980231
103年04月,台灣,女性,5698,4407263,2121,3665589,618,1658603,8915,5755719,4138,13696598,5022,9549942,8170,11049526,151143,150201797,52060,106758741,21028,72302700,186540,129405967,108713,301003215,142461,314489810,234954,479516390,479327,546846960,143379,329826688,67059,279460814,509810,442130096,277831,984325626,448413,1144011675,821979,1793388030,875688,1033456612,244581,594261591,118930,561647489,738696,736333246,364627,1542355061,743380,1992287616,1415764,3509780183,1135694,1273070183,259723,652418407,141684,704719717,767789,843990273,374298,1675373369,805426,2218976245,1623071,4622734321,1198551,1336506576,215657,586343389,139512,761088860,702872,809397000,331874,1608714006,699675,2088350736,1478275,4787162563,1109477,1270085342,174724,547699559,129104,766129055,611805,720404840,264644,1515001928,570729,1921494480,1279126,4654010314,847880,1015121922,121167,444532015,100771,600282043,466385,549574755,179282,1320292549,397773,1560070013,908416,3804714751,576570,705677541,72926,300147538,67441,433046271,285626,344788288,106233,970591549,253976,1053301769,546949,2604886544,342177,418401773,37563,151718493,35877,204919964,137167,160835640,55596,574104370,139261,564564011,271423,1385490639,121843,150500078,11810,53603089,11946,69471596,39256,44543096,18227,230020392,48456,196226536,77395,427033992,48564,58987553,3778,18696968,4595,23220734,11946,14257580,6650,91780916,18351,76843870,24479,179271183,16254,19290397,1077,5309902,1623,8244109,2990,4176154,2035,28392428,7046,30646926,6483,45568478,12915,19482875,3548,15012631,2148,16054713,5144,7653298,5118,51286668,7545,30434160,17817,103488713
103年05月,台灣,女性,6343,5609703,2459,4425769,739,2663260,9808,8065135,4661,20488820,5857,12044207,9025,10496259,169575,180075115,59474,117750729,23168,79566551,201987,146605271,117537,324980913,154718,314839303,256973,533250365,535806,648343495,156920,355174452,75046,304164408,543906,480037531,294529,1035586731,461677,1048672107,906657,2274544984,964958,1203923167,260282,620824738,132752,603577464,785356,788845438,381704,1615784574,749864,1752640180,1529880,4654030535,1241556,1481618074,277816,689813470,158446,748185907,822653,917360030,393960,1886855889,821453,1978473571,1726812,6347527092,1297591,1542748517,237242,635591262,154047,793645438,751735,882509250,350787,1949358568,719967,1885680399,1559874,6876621093,1197470,1455106673,190814,599804213,141151,790883990,648657,779065311,282039,1843196804,597138,1770056072,1348038,6985205778,913238,1195509818,130930,467725864,110437,619682215,492803,588513674,185698,1485138067,419028,1427088889,963385,6191788567,621504,818963141,78048,308628130,74719,456076045,300060,362539974,109140,1044779174,268897,982892832,581257,4249983486,370027,479716945,40345,161718494,40183,230455854,143160,170390127,56528,653342597,149441,516606641,292313,2593981281,130549,164875378,12414,51686945,13504,75059590,40767,47287690,18607,252260041,51060,173587654,82680,734378230,51105,65297457,4085,17798961,4903,27254725,12424,14879021,6513,96847059,19070,65862487,26596,313864161,17089,21943363,1155,5340465,1695,9128094,3023,3983632,2026,33840791,7357,24752910,7546,177866734,13873,21180580,3742,15724915,2313,17087250,5373,8485872,5507,54769866,8202,25776320,18786,145133904
103年06月,台灣,女性,6759,5791938,2613,4878656,901,2679410,8878,7949653,5243,28793729,6224,12266267,8841,11053445,168132,171212394,60262,116086793,24707,81764979,198638,144321479,119517,329182344,147310,286249508,249593,514093652,528360,598743971,155713,336682273,74860,304476139,532756,471531810,298449,950632320,437490,929750512,856416,1930476129,956398,1115102045,254196,577669636,133209,595479093,765610,775415928,382404,1467589307,719041,1565178677,1456030,3731130403,1244444,1411599258,273161,655163517,163058,771230691,808763,916013968,404528,1883476293,812735,1839921261,1679822,5024462861,1297897,1463642770,238635,628184376,160306,817314194,744061,888295831,370518,2214961438,725794,1818369515,1524978,5318597305,1204970,1405323112,195980,584536663,148272,819365827,651822,792190669,298318,2112044733,599560,1693612566,1324718,5295959752,912303,1119726694,132353,459000868,115482,637952887,496785,604239593,188301,1460424335,409498,1335238629,942197,4396096593,616707,767769315,77528,295586282,75077,451435664,300363,360802439,105979,927260925,254863,849310771,564294,2928139948,365421,443929394,39819,152437152,40204,224513968,145086,170823847,53788,551069554,141681,452464641,280076,1529254582,129254,155002572,12565,48024845,13677,75899577,40909,49653140,17122,201356256,48874,160042696,79345,490191793,50691,59076556,4316,17858821,4896,25294196,12849,14877340,6282,86700391,18166,56233289,24918,192701257,17052,20944057,1213,6006884,1712,9042480,3226,4145198,1960,26940038,6940,21741939,7028,69723725,13439,21062441,3753,14671020,2344,15964964,5335,8260227,5289,51527885,8083,23902083,18373,125923762
103年07月,台灣,女性,7722,6461894,2680,5027539,1122,3039841,8105,6994304,5435,32128575,6954,13483369,8926,10947877,183757,183541312,58965,111939547,27323,91613921,199927,147355525,102634,314754359,151083,291233557,249172,513193207,583378,647182050,158810,334861185,81396,332085799,556562,489686370,262447,924838223,448126,921621212,849273,1801778329,1067752,1214614896,261531,581974884,143050,646533645,802646,808213631,375995,1443797268,750235,1571980258,1448227,3443327876,1406080,1586221532,291010,668821421,183601,883810727,864711,969360179,431776,1902576228,869389,1870390429,1687660,4621631507,1470265,1668143681,255092,633825386,191274,992039637,790598,935078101,403343,2228868155,779476,1836767486,1532162,4771672297,1382534,1624858448,212650,618479198,177864,994181510,685375,836369459,320341,2158486186,644542,1734483029,1337629,4838471707,1052708,1295713896,142737,465676876,130903,739085985,515275,625658065,197244,1468166845,433542,1309983751,950969,3962637525,708748,876751166,82729,301761939,82246,493508479,311492,376904627,107318,844268043,266012,841086306,567744,2650257481,423132,504122117,42359,155473498,44086,247567233,150857,180829320,53532,454057849,147177,446105616,281087,1472953651,151713,177139362,12887,49925356,15086,84349925,42314,49295359,17256,167538165,51447,156087776,79662,466477561,59669,70434662,4196,16102141,5499,29400978,13167,16180617,6303,74137085,19181,61206077,25080,183484432,19654,23890103,1187,5011058,1979,11013486,3231,4100337,1894,26867108,7194,22340228,6995,51815566,15838,23893719,3982,15674386,2638,17638376,5654,9617261,5376,45288462,8298,26316305,19293,116080834
103年08月,台灣,女性,8630,7852619,2873,5169004,1311,4243878,9296,7647924,7815,29354192,7812,15418076,9939,16048921,197816,215564458,59104,111964608,28199,90549041,205142,148673418,157542,372254582,155301,308986095,260280,514904933,626811,769117381,151370,313653700,82104,313817381,568249,488504382,374375,1059155625,454744,966496052,883223,1829577954,1122430,1400351236,251983,545238489,144094,612812897,814278,795313128,448879,1577610697,745559,1606925729,1475461,3441153979,1477190,1804825079,284201,631224924,188773,839602514,875038,953710548,469518,1968100002,853399,1884128514,1690849,4558288816,1547769,1917028438,253391,609807552,195769,963825534,802834,910895092,441953,2433328420,761954,1851041139,1532348,4834025010,1464466,1862259033,213254,588867519,179569,942026366,699698,811441999,366027,2603442384,641052,1723828193,1349614,4935516101,1124168,1475156995,145209,464333367,130622,702951987,526749,613971714,222726,1768043497,432851,1263658063,959647,4040459566,754202,999465564,83959,293123231,79803,437487615,318775,369888849,116568,942200118,262491,832352676,567769,2678609489,446173,567170451,42426,149796641,43175,228875770,154337,176960815,57678,508685525,144345,436622818,283427,1461899766,160194,196796072,12963,48928472,14825,76220610,44058,48320170,18544,188730312,50023,149760245,81003,454456006,61513,76302201,4049,14908623,5503,27172794,13357,14930279,6471,77594634,17960,56376013,25140,191409284,20489,26945779,1118,4761784,1868,9541560,3458,4650048,1920,22762305,7046,22756199,7070,51009639,16627,26937079,3703,14013663,2622,16219991,5765,9428847,5654,53903138,8148,24233649,19618,119958847
103年09月,台灣,女性,8783,7181047,2930,5097981,1592,4498362,10498,7680729,6461,19419870,7044,12831010,10615,17071508,176643,178812501,56668,112368474,26374,81622922,195692,138239365,125319,340116429,144394,312042662,261319,571053064,544558,661247343,144422,327407184,73587,288320641,537162,463105092,302497,1061326215,421602,1070149149,884494,2002684886,984691,1143426003,232675,551863628,126425,556884170,769521,743183889,394711,1663228545,692594,1851772430,1488654,3698884992,1296648,1449315061,247269,610781828,152584,699034913,815652,869482329,420319,1825476777,765026,2150280439,1735213,4985649577,1352970,1509863947,209060,561503979,153245,750030509,740636,811672581,387008,1987554420,659549,2056488555,1581291,5277702318,1273532,1467836789,178984,561976408,148794,762902533,657808,740570424,332810,2348654291,554058,1944158700,1387882,5482557739,977344,1182771217,127563,445949311,116413,620095665,505174,582790426,215057,1845597732,388883,1529354860,1002158,4763917817,659166,811155836,76453,294505288,73664,420117908,308523,356604818,117446,1137726122,242700,1046616444,598694,3000493800,395129,478416920,38866,154567165,39809,216613855,149454,169991359,59343,665737610,136252,577424769,302216,1702652346,144511,166665890,12298,52116762,13485,71458447,43023,47518519,19539,248419495,47645,201851767,88373,617629998,55052,65829625,3689,17056912,4906,22637763,12899,14938326,6914,96721714,17210,78936193,27194,259018194,18564,22627779,1039,4476865,1741,10039969,3360,3768439,2171,30041430,6863,29111162,7643,66307474,14503,21494468,3353,15210047,2370,18261457,5334,8580597,5622,57807627,7150,27029351,20343,140105859
103年10月,台灣,女性,7926,5992273,3442,6338280,957,2250395,10834,7567100,5690,13056066,7505,15239643,10572,20701463,172900,166056795,66710,140844684,25760,81288689,204619,134899808,130689,315671563,193236,472958958,271923,641716476,530148,597998108,165778,397231659,76001,292816555,548868,456964654,316972,1050211701,580627,1669899156,905280,2202118428,973032,1113037423,268946,682165122,133421,573114248,796169,746833210,406071,1615523259,950317,2823814366,1504056,3918967686,1300911,1433993854,285865,745715223,162106,721248417,848875,872070860,421073,1792963321,1055478,3212962760,1732292,5009346336,1349463,1476781368,226971,640646768,155838,739143241,762270,811074143,367323,1704290640,915077,2980444558,1550463,4991569585,1255936,1409840719,186372,608146296,145367,744495768,670174,731045845,301288,1617055628,767843,2821187969,1355677,4921555112,965416,1137055581,129101,466552559,117215,629210360,517208,572284481,204210,1416194683,547869,2242584955,980405,4053737873,657803,795447777,78556,319856873,78295,448740296,322500,360294492,120586,1035112562,351812,1546773485,588899,2674340010,399865,476222588,41029,171921685,43628,233133265,159177,177728361,63748,647838514,198376,850993819,299617,1492705176,147825,170512983,12886,59292645,14869,80697755,46818,49589543,21446,243386563,69179,305622998,88569,476320811,56339,65484120,4116,21096664,5377,26469313,13883,14873978,7494,95124643,24846,107397455,27160,176099717,19139,22879108,1051,5666906,1916,11678143,3583,4092909,2289,29270831,9625,42966839,7729,57916199,14575,21466809,3717,17610371,2305,18916017,5493,8071411,5702,55190578,9565,35534832,20108,124909815
103年11月,台灣,女性,7884,5562925,3042,5894276,915,2284840,11478,7564224,5148,12961305,6982,13576989,10317,13249485,173744,170442466,62330,139339382,26986,87071599,203133,135801278,120782,297264015,177498,407167115,270920,597919604,528228,608946105,156545,396139411,81403,327478903,531714,435346586,302676,990400480,534589,1426813640,892380,2043177729,969110,1162963297,256452,681651970,144154,679917104,766103,706101238,389260,1474289738,883343,2431920289,1470245,3598846432,1301073,1518031410,283139,784554189,178204,891478804,813416,826204890,409155,1695447972,1009505,2842486434,1689968,4655874169,1341197,1544671160,229546,693877770,169819,892765299,729231,759556288,358162,1642568568,887962,2764055572,1502582,4677290948,1248673,1471087221,184764,639246090,155966,881110592,646249,686317270,292277,1535207053,755315,2679055750,1309101,4563967190,951937,1179371129,124321,493842425,124751,722100765,498829,544151140,197894,1250068807,541212,2173733116,937770,3798849857,643612,824358934,74109,323904806,83281,516341899,312682,341480559,113689,833719708,350224,1511116417,562449,2612901977,392417,492288219,39301,176054259,46391,289004110,155185,168538170,59480,504700595,199568,860260311,288697,1419177000,145680,182467525,12676,60843565,16107,93368678,46004,49893673,19944,187439881,72071,306561643,86816,513528308,55455,69134406,4096,19494920,5874,29721834,13590,14568795,6661,67084176,26062,117467122,26730,204005794,19071,23632839,1117,5902735,2046,12951473,3575,3760926,2174,23510503,10455,47379104,7809,74609784,14534,21722851,3747,18038866,2613,18745628,5194,7828792,5549,49094364,10001,38528861,20268,135344616
103年12月,台灣,女性,9347,7363181,3930,7931384,1119,3255896,12410,8778985,5958,16852225,8604,15657226,10957,13642309,196814,199230724,78581,174386192,30624,94599909,212078,149844157,128813,327168394,193987,398642384,292052,663056278,576719,679321447,193377,479446378,85118,322252456,552691,462245998,317325,1031622876,534318,1205858907,956452,2281929046,1043740,1276903633,322005,840542869,142927,609687674,799628,735900196,418752,1551145504,870512,2047436761,1626477,4344824148,1397228,1650272687,368555,1013665714,173711,796677362,857828,853038378,452323,1832512707,1013489,2479706865,1941853,6086757123,1434478,1679470337,307867,917556200,168264,833179496,769872,781605207,392552,1794715718,889018,2368645212,1755757,6336625399,1329604,1621049227,245845,843628402,156791,869926620,680945,713199122,317626,1680363642,737143,2256510979,1554008,6449449329,1023124,1312934434,162174,646915687,126144,711514488,523422,553703427,213996,1317593194,509486,1724541782,1138049,5537891683,698059,918535166,95868,426245159,84849,514614082,326768,342541607,123668,864817207,317758,1156602162,692495,3800881210,431604,550497507,50255,225191563,47545,266698783,162511,170268548,64713,493826470,178925,626886175,355407,2229717780,163286,206040835,16677,78806025,16938,89726363,48700,48268608,21672,176418957,64575,228424204,106670,765873074,61607,77557876,5107,26511465,5930,31341134,14088,14983513,7146,65041124,22830,83736204,32064,269671560,21364,26475586,1534,6896646,2137,9962601,3734,3963349,2203,21222993,8651,27645415,9048,68497904,15560,25425044,4705,22533341,2478,18381250,5568,8095459,5732,48619638,9533,30856971,22968,160636343
104年01月,台灣,女性,8059,6734768,2606,5356355,1066,2839166,9798,7490030,5910,20473374,6374,13062129,9997,18545185,185920,189122360,62378,135113557,28960,92613780,203363,141568729,129323,344728986,150389,304405508,280246,609549075,555325,682326146,160528,389701188,83079,329616646,532167,436120341,309802,1015937956,418866,939026000,906495,2055699731,1015742,1290809849,273217,698080178,146567,647300707,765726,679578918,409839,1600242775,701537,1617215611,1518514,3728434079,1366377,1710671516,313865,843686009,182673,840127520,820244,777408538,453672,2003886426,824447,1986342916,1788569,5015930128,1416253,1790495760,269506,803267875,180219,900923509,734185,715404402,411635,2151483738,736173,1963180484,1613576,5198803811,1342892,1764378644,228609,795263230,169782,907779943,650785,646328093,334365,1989716942,619624,1883033302,1427422,5231451504,1040901,1479814932,157526,609670593,136475,745409927,504635,503833854,219913,1429303029,431122,1466141045,1041383,4399062564,708095,1019115322,93306,406229442,91776,544844352,314117,311823121,122261,852500062,266728,973583302,630053,2916791665,438757,622556616,49388,219674454,51117,298286931,157695,156195464,63990,475364723,151484,537996487,324364,1621838787,168332,227241403,16679,79456531,18495,94486515,47309,44750431,21897,182823102,55681,191358837,99414,556352951,61779,82106363,4968,23526078,6457,35401726,13452,12960180,7131,62343029,19195,68635768,29836,207336197,21748,29754925,1394,6589435,2300,13372345,3513,3335468,2363,21704789,7665,28451537,8652,52287431,15773,25270189,4189,19661140,2658,18240193,5114,8118697,5838,48286598,8484,26761359,21758,131921419
104年02月,台灣,女性,6979,6072284,3069,6653822,1103,3133278,7808,5643359,6589,24777592,6878,14398441,8817,14304722,166955,190621581,66367,151835394,28192,92740414,172588,123906313,136424,377525283,159285,368186702,245360,558532962,513927,679920098,159284,396102196,80998,306707819,459781,379228095,315700,1025290558,443368,1128883048,774638,1761331063,947417,1314193413,258650,660012032,141918,598759153,664942,590465182,411193,1520845335,722204,1825584164,1274993,3075490449,1291776,1796705311,313210,816802198,182125,805966785,718724,680916539,456540,1855227302,864410,2236120039,1501878,4039634085,1357644,1933027214,291243,816796127,189288,905146044,659774,642356516,437594,2379395963,792508,2207238906,1355369,4253364590,1316335,1952713860,247838,780261056,182203,938985985,598649,589539490,384537,2954313473,679929,2129533403,1205402,4456383960,1032421,1616167340,159745,563699383,141194,746345495,470134,461104297,241628,2085490587,459753,1555235408,866767,3536572210,699917,1124328461,87578,348484241,89684,501044886,295794,289326520,118745,938999256,270502,994380960,514320,2224703883,430390,672417093,44935,186493911,49076,267807111,147516,140727079,58748,445866107,150386,526799643,266225,1167386919,165690,253880359,13887,59604978,17249,85995527,44426,42073108,19227,155828737,53864,186666724,82288,406912764,60056,91173885,4060,18973601,5910,30710604,12442,11856383,6056,60656178,18045,59315912,24171,150317309,21138,33742112,1155,4796304,2163,13111831,3328,3478978,1953,16659717,7429,24921284,7217,37018085,15184,28742927,3814,16219903,2558,16445331,4575,6266453,5722,55390274,7991,25035143,18273,110973888
104年03月,台灣,女性,8433,6717137,3076,5479042,1122,2962118,11275,8907406,6406,17934036,6637,11669960,11270,17013752,180647,179993769,65754,133182140,28414,85974646,210588,153193432,142138,393367935,155667,313091608,301738,647326452,525458,613587630,156793,360986994,78243,280814509,533484,447148179,324684,1152586513,413388,953562322,966553,2161224667,954658,1150380820,254316,617348607,131821,537507206,768740,689617533,415252,1745104098,665602,1593921159,1626848,3960826489,1286226,1491485373,277976,699484758,158392,667486697,824630,796200406,448247,1968880405,758446,1911122188,1941266,5403822841,1309814,1493747384,225229,625345573,148928,694601299,737311,729214415,392368,1886723449,640520,1757835281,1728019,5558341360,1229142,1433494592,189811,605353518,140227,701401803,661045,665985429,323137,1783871486,536093,1670380965,1525803,5630414254,954962,1166027812,138370,496748970,114342,573453697,518122,531678183,220611,1480913302,379421,1335412697,1130033,4827864984,650641,834890140,86804,353544649,78078,437603304,329951,337526167,129041,1043006311,241154,923865793,690252,3356494315,406212,501872989,47678,196914490,44701,242385989,168384,171478983,69710,659223311,138998,517788780,358833,2046635148,158391,189655863,16085,68578078,16519,87743632,52001,52675628,24660,266053061,52776,189009367,110727,673280257,56739,69313782,4578,22302221,5508,29092001,14634,16267756,8062,97786000,17572,69186755,31582,233500573,20058,25392899,1309,6509524,2092,12115832,3990,4851786,2564,31870753,7297,28186341,9447,69468620,14066,21894143,3490,17010891,2329,16568753,5292,7565685,5748,49823498,7955,26454849,21904,137459529
104年04月,台灣,女性,8071,5977061,2657,4673092,898,2504719,10187,8079934,6217,18386142,6472,11913770,10478,13653056,177439,175018620,64115,126348460,25723,85488489,203318,145815443,147611,368745656,161953,351422512,282726,595562467,525393,601223517,163212,366079061,73826,293507772,523701,431918187,346036,1104220272,454867,1151690849,897191,2052118447,964254,1133054799,266932,635718875,128083,576586021,745925,666603969,434745,1644153794,743993,1957339916,1506911,3809660217,1303508,1467021699,291775,721725065,157587,753357931,796196,763395731,450081,1916466602,841757,2278759539,1798008,5343890098,1342540,1484012844,235658,639602409,151699,800572377,714977,706587916,388261,1866654618,721209,2132893307,1603129,5551523474,1266825,1446466357,197382,612906380,142282,769787830,641126,645988994,317430,1772813174,606481,2009734724,1412999,5833436127,985767,1174732151,138894,489620209,113952,654107469,498396,506846909,216883,1546970103,431239,1608180454,1039188,5112484219,667291,824299821,84790,343241539,77950,476477831,316811,322605595,126714,1146547509,276405,1104855029,626516,3559246959,414212,500861093,46213,193262689,44027,254050258,160710,163690377,69704,756444649,160601,644748207,330029,2359486264,164428,198419271,15884,69668511,16466,88664609,50669,49820594,25440,323890787,60236,236277090,103668,861049260,58178,69161245,4524,23688881,5381,28759896,14091,15114118,8125,113421027,20302,80473256,29339,285454812,20836,25392589,1388,7278354,2062,10404165,3912,4878405,2613,35541284,8254,33878870,8644,70894008,14596,22660403,3643,15564676,2243,15933003,5321,7921819,5804,58952690,8013,27560199,21140,137716168
104年05月,台灣,女性,8740,6863005,3284,5364499,1031,2838050,11329,9453244,6197,22930621,7187,12685271,11256,19087106,200228,208928724,72149,138442742,27718,93257985,220731,164362900,135727,372642289,172136,347184931,298209,675023395,589180,714331046,176731,386751242,79004,317187622,553473,467295490,311255,1052280394,463205,1046593679,968347,2588430491,1072443,1318763948,283808,657342715,134748,596499693,785956,721038435,404527,1632200446,741748,1704773957,1607067,5228373683,1449387,1703927030,317210,766742545,165344,770121489,843890,837057247,441967,1992565900,854634,2035984924,1886122,7483966570,1481652,1721516389,264316,697219190,158644,796679044,754368,775257772,390567,2089704830,741459,1930158594,1665398,8395851292,1395073,1668554572,220980,663047859,148974,775977050,675949,709159335,323588,2025524290,629474,1882336252,1468797,8712103030,1083788,1355958306,156234,534897037,120532,675074719,523187,549900960,218576,1625255557,452794,1480962049,1075713,7976648820,731759,936254481,94686,369310558,81987,500330433,328829,350353271,126568,1175457026,287485,1008184411,653041,6118896751,454382,575400952,50603,201199706,46786,273109013,166991,176270370,69853,791314198,167898,577487464,345476,4128227973,180417,220214067,17686,70103185,17417,99823057,52077,54610559,25259,337019146,63237,211393789,109348,1446695633,62859,77400554,5183,21969722,5748,31706106,14351,16358417,8041,119060554,21828,77152567,31872,420331890,22709,29254414,1684,7918025,2121,10524870,4036,5348639,2679,41888018,8507,28658502,9521,250359082,15628,24530051,3928,16500696,2385,15532932,5589,8243009,5821,56530382,8681,28230541,21671,184328393
104年06月,台灣,女性,8997,7286281,3520,5887761,1099,3948058,11091,9780863,6852,33951927,7398,13124858,11316,13743056,188564,187920135,77626,142686731,28329,99473547,221980,165796329,152716,378673182,163618,310773473,293416,628461796,560838,635699019,182447,377508297,78357,322048931,555717,467464184,353792,1034799748,439665,922972261,931024,2095889411,1028399,1159737944,283990,624425641,133647,594234942,787516,719497095,442531,1552492387,710570,1520260554,1548854,3907039947,1411342,1544586081,311055,715277093,165534,788191157,852382,843375756,472687,2054708196,833559,1865473761,1852081,5476417362,1451403,1581148789,259972,658807155,160455,841331367,763605,780662687,417305,2406076270,734282,1850699106,1646442,5765616064,1379954,1544614597,219783,637259435,150921,829469970,689030,739953683,338425,2273451785,620112,1729377361,1461790,6063411153,1082114,1263766304,151269,494924691,123156,697795499,532931,564916040,222477,1648747477,437576,1449918765,1070504,5178742756,733612,879960527,88308,323145461,82009,480612561,333884,349729821,123479,1038405569,272379,909690351,645799,3594049276,461160,546163033,47726,182022360,46739,270923685,170430,175334869,65967,666616820,158799,517695001,340073,2210380776,183638,211119799,16417,70430733,17797,98005910,53296,54418249,23735,285857974,60767,201000884,106926,807883831,63787,72574253,5012,19710896,5849,27523198,14543,15472553,7233,102683176,20645,65002808,30294,290054821,23224,27407880,1500,6877917,2092,11567692,4050,4671391,2533,34495171,8107,26324632,8934,100023605,15464,22763474,3886,14560477,2467,18371447,5529,7655216,5547,52961246,8268,23960876,21336,160001634
104年07月,台灣,女性,9814,7963393,3890,6172666,1454,4495163,9758,9195236,7931,36260208,8751,15850111,11621,16852630,202468,198355657,73320,129221315,31579,102941455,214949,162174319,158684,380071201,165664,310514076,307820,607674615,605907,681817159,176404,352913597,84077,328445684,567626,482764853,363977,1019974715,442082,901890355,974642,1989284500,1102267,1236509953,278175,598631034,141869,622461108,811148,745775429,457861,1545171103,722915,1489144587,1610096,3718213134,1517409,1632917282,315856,699067490,183784,839282177,893810,885998658,510071,2086473449,877998,1870401331,1931000,5115048094,1563379,1707333441,271892,655818269,188608,957065888,804015,836744740,466493,2461358057,786799,1821269249,1718118,5355730231,1505217,1702815361,235033,655764554,177365,929293497,717866,767794575,381073,2432427177,668740,1748420179,1534374,5513409831,1181176,1382178885,162992,509753759,136181,748457901,548579,580626367,240744,1675795033,463577,1352841436,1156291,4721937022,790123,939081322,93276,329777057,86857,494346509,340144,359974224,128656,976540057,283887,886639383,674890,3236359639,495603,576014806,49886,178860563,48753,264439383,174374,177230203,66708,557901949,165183,500915349,352107,1951513574,200528,224234301,17278,61712088,18465,102274116,54716,56646528,23957,231174402,64766,189732467,119301,730988625,69220,77691388,4868,18112324,6261,30327776,14682,15232117,7404,87500736,21579,68049072,31657,289261667,24976,28761044,1583,5814508,2266,10139946,4100,4700100,2451,29657176,8571,26408497,9791,89492006,16949,24646288,3895,14597600,2818,19817267,5766,8554726,5767,48121117,8628,25634174,22961,148070667
104年08月,台灣,女性,10844,9249389,3671,5929361,1716,5239477,10315,8338016,9033,32816492,8839,16517670,12470,21428511,226842,242695558,68166,121838389,32657,99241459,208471,153958725,168828,406803258,169323,326347202,311789,630129783,691425,829014457,164331,330006334,85900,305794798,551142,457656140,390237,1087384416,451391,954071865,986790,2042450178,1242518,1504447707,255696,537810225,142806,566580061,784441,687383767,480025,1597674987,722384,1521348189,1612553,3699600015,1715123,2026528144,289137,623795827,188007,791241146,864607,809668727,524858,2063116847,867525,1848428927,1928428,5151360810,1764343,2105263216,250625,583981764,191795,884498282,777941,754765340,483802,2586072102,767713,1780154510,1707350,5447788670,1707769,2091712458,216534,586934750,179280,886115355,698797,703164726,413510,2960041182,654902,1669910072,1533153,5818549706,1349357,1713772992,150782,478071861,133461,683852414,532511,534237920,260525,2075747029,456236,1300618089,1113335,4879416136,907735,1151137941,88186,302662596,83996,433277280,332485,332107555,135130,1106470611,277436,812141754,665535,3389104912,569347,694748304,46907,166379614,46935,231020551,169921,167040285,69733,623928030,160533,462418398,352711,2027748365,227949,272619507,15995,57446791,17792,84578929,53693,51659355,25081,263734856,61358,180863035,112681,728412991,77646,90535702,4446,15377912,5698,26460216,14287,14448124,7580,87455094,20213,59227182,31522,257599802,27946,34396724,1316,5375617,2128,8594018,4128,4474477,2495,25828009,8120,23859603,9741,93691424,18716,27598374,3621,14408829,2742,18182971,5494,7479619,6159,59437829,8303,24585446,22054,157093772
104年09月,台灣,女性,10598,8460751,3811,6454590,1806,4945945,12674,9116592,8266,20983374,8107,13625155,13257,21829608,203864,208257819,68043,130622788,29763,88394874,211367,150130023,156093,393801404,156985,321278648,307347,636230244,602873,721332294,164688,358789268,75655,286019351,547961,447480342,359667,1117057185,420370,1028896625,964026,2061959465,1086709,1291685034,252941,587008830,124147,527381030,773789,671713841,451445,1663545454,678467,1756291460,1580918,3812674683,1485622,1702631852,271835,652150610,153026,654345952,833568,766965836,489213,1929550963,790244,2111665224,1926962,5355035766,1522347,1754468099,222059,597519242,150609,728815341,744159,696348585,441233,2058661201,680001,1956536903,1691273,5828377763,1481820,1749577153,196122,587473233,149742,744817736,686050,653045264,381231,2414153998,588087,1930529853,1520243,6334236819,1173379,1475180288,142167,501814236,119742,608907213,530067,514274839,252989,2000857528,423287,1597163653,1126656,5766775822,796321,1020634821,85572,336620539,77656,420430901,333914,327449082,137532,1260438940,266870,1094109697,692166,4200811213,504883,620390502,45904,180510624,43948,232707302,171955,169343459,72647,776015110,157484,654269938,357318,2663714646,206221,240203133,15888,67287945,16781,82632444,55091,52696305,26510,323956742,61264,242207279,115114,1063865751,69083,80884091,4425,20683612,5428,24152726,14471,14476531,7924,106689416,19947,76355661,33302,414107062,25451,32032762,1333,6076559,2140,9452100,4198,4311246,2658,34224436,8497,34597717,10390,171205884,16784,24582682,3611,15549455,2370,17859983,5342,7977284,6182,67988124,8161,30931344,22288,170723816
104年10月,台灣,女性,10454,7174824,4247,7468572,1245,3418314,12333,8645355,7721,17201188,8545,15856737,17215,32808425,200961,192433839,79897,157634604,30026,96109366,214523,151129715,157888,369615438,205250,505120171,335859,819176980,593716,678271902,190993,436657250,81127,314892653,561004,469050166,366362,1140286926,575198,1649246009,1031904,2511224912,1077332,1233394710,291503,705132447,132095,590614183,797117,708539776,460522,1707264993,916919,2695949817,1637197,4167466143,1494698,1621511375,317039,793887141,161097,735320093,863468,811903317,494819,1959263969,1066549,3174922086,1953575,5453454173,1513160,1642211658,247779,670458905,151782,744436436,761230,730609055,425232,1879397550,914686,2944661261,1707717,5495583468,1451110,1607960075,208926,635519586,145341,766746692,689729,672616055,356572,1855281007,790371,2783641380,1542492,5743831971,1145814,1328903893,148962,534268035,119625,655057018,539548,543763158,247550,1639215169,577122,2297634771,1140344,4971157042,784467,958143778,91567,359084559,81836,486752966,347493,352313601,143810,1196231527,374833,1616402265,697788,3463479982,501652,595745254,50071,208479708,47557,274976082,181081,188076625,79609,781233024,221552,940096406,365324,2134092214,209365,245653076,17477,74365096,18570,93511503,58943,59573878,29684,330862122,88154,369897256,119741,882860117,69488,79097937,4660,20110835,5816,27510825,15273,14835504,8812,110038009,27818,116396719,32171,291823858,26102,31066609,1552,7407830,2134,8732565,4473,4895066,3058,39198162,10971,47842054,10613,98397298,17230,25307529,3933,17888106,2671,21258390,5572,8111422,6251,55128901,9900,37114407,22262,181305009
104年11月,台灣,女性,10532,7016225,4132,7229183,1226,2789472,13324,9433420,6992,15435371,8325,16131521,13933,18013484,200054,190759817,76882,155714848,31410,97585463,215947,152457305,145844,349113163,192833,444459756,332611,732159404,581683,676795933,180194,414962420,87823,371316740,551236,453025706,335970,1051993624,539280,1481031606,1055010,2287200194,1053182,1230693150,276015,678103699,144702,695923959,780919,685925733,419621,1511476389,856495,2430392918,1669014,3967876168,1467783,1654770159,305668,790033459,178878,905882223,851610,786732931,459880,1834660599,1014752,2957648687,1997874,5507234305,1493222,1684183378,237141,673930261,165677,907553625,749732,707955214,394138,1787443273,883583,2800238952,1739739,5590015915,1429405,1654353050,193706,624027726,157230,916380661,681293,666697867,331813,1713613362,775294,2803264903,1561872,5948596133,1122421,1354548517,135504,511494537,129214,782585463,531088,520660667,230409,1436566677,569116,2351282553,1172283,5260950468,765971,982106602,81941,340513475,88726,579680192,341911,342135919,134630,1020071280,371301,1632435209,698376,3759735084,491400,614020153,45284,202600711,52054,327388565,178885,176608683,74577,627166287,225220,996288247,379340,2289723285,207076,248215371,16310,73242957,20741,120850990,59354,58056038,27701,269817481,91581,397544751,126477,944025202,67825,83096564,4339,22150458,6294,37117412,15499,15852513,7850,85211113,28524,131992161,41860,318646451,26113,32309917,1435,7732435,2480,13056430,4595,5357517,2785,31512032,12072,57140290,11223,108057594,16951,24851733,3825,17246642,2897,23950214,5653,8927301,6033,53434840,10610,43470315,23116,171447952
104年12月,台灣,女性,11543,8531671,5275,9333931,1359,3120992,14572,10725300,7941,21112437,9933,17320537,14592,20285239,222508,219333174,92932,188269406,33497,104945273,231226,167609248,157467,365616930,207572,417721174,346057,716587938,636105,752261357,217361,498271525,88872,334388303,579237,490279566,359748,1074423439,538314,1214091173,1102236,2366311817,1124724,1344436955,341597,825831623,143727,631509324,807553,725074880,447344,1557906309,836169,1939150606,1699208,4227154662,1560009,1792944378,391094,997699290,177048,835511943,881954,832292304,492204,1896880079,1009500,2388313086,2086722,6197183275,1575239,1824512469,313869,872901678,167071,847872276,776005,745164426,422429,1859335472,879098,2267357461,1846659,6386192024,1503786,1788578901,252228,791222450,159025,869638818,703194,678210672,347717,1761756323,747592,2154563345,1651880,6826828093,1175264,1452453201,169902,626054483,131150,771341165,543517,531526547,237568,1419115944,522892,1715830007,1214382,5907033023,803687,1047262928,101209,407908908,89223,562034242,346060,342095030,136069,923167655,329232,1137271181,741980,4252764631,515970,657803069,56268,235055178,53278,330589092,181684,176218350,73235,546631755,194890,638575321,403778,2656503858,222327,276833571,20469,88066648,21209,117549959,60762,61331484,28421,234584431,80466,272383254,134701,1042008657,72282,87797658,5613,24139704,6503,34371526,15746,14632110,7809,67342478,24623,81690203,35610,364373012,27681,34221774,1793,8544964,2577,12702563,4543,4455437,2723,25173713,9839,32578618,11721,101877034,17602,27040572,4596,20412979,2732,22032703,5801,8873284,6227,50998495,9806,29262051,24856,186972952
105年01月,台灣,女性,10112,8156259,3679,6766810,1303,3547666,10913,7432579,7330,28445513,8329,15440191,12645,21120127,212737,223297515,78933,159509922,33055,108356662,218007,163054476,144424,386954708,177594,359805052,332495,694449364,623692,779254818,199034,450634369,90501,376202098,562549,473217930,333807,1109411166,473333,1070471557,1039349,2221829634,1124753,1488122372,324004,776969917,149694,710166674,793335,693543449,430003,1629958660,761689,1780948062,1669986,3903677387,1578930,2074200952,388319,973359472,191096,934363720,878628,793272417,490391,2156917985,946662,2278233391,2000425,5507787989,1616451,2178774383,328317,901834933,186795,998116099,776125,707217950,439615,2441780802,848629,2244176085,1736334,5674357065,1578563,2210488907,271871,849089755,181530,1029916697,709499,667501800,371813,2429517795,737112,2192095757,1562727,6073934172,1246015,1837032278,182433,666748481,146973,866405291,548132,515496634,246643,1752452509,515371,1709637194,1150288,5320107606,850898,1317456979,105851,426194725,99698,627751632,351690,325992499,136313,1019358104,318360,1130214665,699530,3754301451,547081,834346646,57617,238753864,58403,368964614,184798,170664447,73047,586042337,186963,642092597,380420,2281749829,239570,335576309,21067,87842194,23482,131979887,63471,61677931,28319,239781899,77568,262254304,132148,907588883,75855,106734773,5327,25065602,6939,35815620,15755,14565196,7667,73178916,23196,80032541,34042,291660854,29159,42411009,1755,10500545,2751,13692786,4581,4683688,2809,27501227,9341,33558560,11614,114643211,18503,31749050,4697,20102073,2923,22151311,5622,7656297,6039,51026617,9222,28944722,23708,159118956
105年02月,台灣,女性,8766,7252751,3723,7078933,1456,3825634,9964,6625018,8807,25434324,8465,16697243,11663,20497958,185562,203037888,68872,146886095,31797,102373826,184109,143373069,162980,419276596,177380,399411180,305972,624921717,550956,685195062,157206,366768690,84082,324306458,473989,410546876,353312,1028593545,452669,1114129794,870864,1851111995,978507,1249130701,239156,580625964,137177,590159286,664082,592733738,433129,1422795057,697001,1698566034,1383586,3164156263,1379092,1751522716,286544,715251925,174331,781626129,732025,663905767,491096,1803664445,846513,2055420018,1678893,4365853099,1440933,1877889690,259040,687990378,174481,850086831,649688,590020128,454623,2190330208,775990,2019229100,1477425,4606649320,1433099,1929927410,232847,692791557,172469,903698662,606016,545940897,409371,2826467788,690204,1984674792,1317740,5058665304,1147405,1614900450,161522,550438757,139934,753538695,477461,441601590,265953,2077163691,490801,1567865222,966003,4294259257,772402,1127276073,91319,350582106,91347,513067154,303587,275692150,131429,950260645,290775,975033595,590940,2785302967,491175,695943697,47678,196496421,51911,287427873,156525,144895529,66454,461814755,165586,545291160,309953,1677703801,215478,309300738,16441,69231586,20503,111291055,53158,51453205,24810,186377938,67144,215204339,107398,645287259,67248,93888037,4166,16624493,5909,32193516,12664,12246064,6656,54651471,19057,60361626,27380,209736363,25895,37599406,1359,5774962,2479,12253679,3791,3747916,2306,18598998,7918,25823357,9444,105534437,16407,29982199,3560,15079940,2536,19744165,4430,6549951,5831,54814309,8079,24504498,19645,127489605
105年03月,台灣,女性,9755,7166532,3304,5584260,1286,3281547,13111,9984255,8288,20292559,7034,12360409,14332,19652469,204737,197668575,63837,123727562,28760,84360888,220034,180976756,162803,406336466,157531,318960029,351910,728335132,577588,649056129,151094,335429094,74412,265373083,539977,486083015,348233,1115256365,398934,916781294,1089311,2363888324,1005586,1167652106,227824,544054286,118524,480859574,755317,700469298,425437,1628726164,600313,1448725052,1753534,4201603183,1387260,1569652166,246319,612159250,140400,577355754,828042,806951534,461155,1915540033,705694,1750738990,2131625,5879207767,1414267,1581974397,195814,530189976,131993,608020945,730306,717046335,390114,1837820311,606114,1628071659,1885147,6303798669,1355189,1531422856,169747,521926069,127896,648648287,672615,654996686,324960,1746798777,523339,1555723492,1679553,6547324842,1082874,1278225633,127596,458155334,105414,534617447,524956,515436854,228580,1504409387,388673,1306169246,1260218,5838648997,741605,910049796,81306,323948344,73746,392250728,339978,339251070,134747,1094003694,245903,873828769,771330,4397032972,483329,581704528,45876,186886805,44161,233456727,179544,179022850,75286,705387478,147753,528950902,425498,2744917886,215931,247512771,17333,71114558,18081,85408987,63704,66621384,30305,312674511,62645,220168077,146676,1182731703,66936,77134672,4348,18593874,5441,28563274,15400,15363430,8236,101247788,18931,68703422,36533,338586357,26163,31075991,1347,6071881,2345,9814211,4602,5046434,3015,41527397,7921,31261963,12408,116243517,16119,23406913,3239,14568451,2415,18340803,5619,9844282,5939,55209488,7884,26008507,23732,284593237
105年04月,台灣,女性,9850,6885770,3559,5546893,1317,3338601,12428,8478405,7671,16430760,7495,14435052,14962,23165418,205820,196570167,73141,132950438,29512,94201586,218488,166153023,149132,347901667,169478,374318765,350710,696842604,586282,650773727,181212,380142667,77274,297881293,534980,455481632,328916,995835333,445363,1117000063,1063479,2319379007,1018912,1176840311,284781,637134507,122174,542980317,741420,651321224,402365,1431157743,682329,1791573511,1627036,3974272396,1413470,1587656204,320084,744483744,147079,686352586,813677,756413007,441719,1738328317,809456,2154716317,1943081,5750917723,1446498,1615737161,254051,633720437,137311,702828686,717654,683199238,383157,1715792838,703895,1989508394,1720607,6005046993,1395407,1582399240,210839,593462711,132015,729876478,658194,637658952,318460,1689057930,610174,1901543136,1500476,6554398160,1107884,1311559644,150760,499072925,108153,612321252,514030,502601346,221642,1448923119,444395,1613853164,1121571,5964705630,746435,926449917,90444,329704514,71872,413847736,329236,322566163,128527,1046053570,279075,1054975235,677881,4344409193,483896,577611877,51000,193441058,43447,246383252,174871,169907261,72417,698328785,169474,646169701,375878,2928444191,216085,265979972,19613,76605331,17719,97987234,61858,57100022,29026,330525987,72929,268126449,132022,1181371168,66246,77531002,5137,21354219,5042,27468995,14372,14311763,7843,105916539,20833,80639412,32290,399896492,26147,31945456,1708,8404248,2106,11695962,4323,4682240,2839,41246249,9014,37681669,11065,137163095,9394,11551846,563,2812765,964,5820213,1329,1674955,931,9731286,3900,16716803,3428,69470142
105年05月,台灣,女性,10431,7609229,3980,6248354,1311,3733489,13716,10901043,8127,25643513,7705,13143305,16709,22520537,224708,221067178,80457,144769454,30183,94900939,237945,182174280,146780,388852664,176952,356381605,381590,761982357,641830,725613131,189722,392516897,78740,311134974,576261,482843031,311079,1045593266,443156,985655718,1110944,2765761486,1103151,1303479547,287878,630313366,122518,559840876,784752,701282645,389918,1503590129,662677,1494358527,1674124,5262453384,1520356,1732450473,325972,739977795,148062,717843462,863232,822205586,440911,1896936151,791882,1813895497,1987306,8178789116,1544493,1744221474,264761,656551042,138752,730012096,759748,751469843,385793,2002456408,693855,1714853261,1754482,9146452923,1474817,1699963676,223203,622393923,130660,740986910,694266,699172196,323422,1986131845,603877,1667249447,1522977,9986063384,1170363,1417787247,160859,515112604,107918,622564941,541056,543607971,225674,1603221586,443307,1373848385,1142429,9461745994,791015,1001305787,97524,340945401,72935,441805852,345684,340542558,130496,1127492878,280118,914785969,690501,6533091302,513085,635750505,54388,198954425,44158,265513830,184207,180746639,73846,772994118,168745,534191699,383934,4771440110,230974,275655528,21253,79181814,18640,109315482,65325,63808537,30568,364027842,72715,236543141,137522,2058904468,70098,83802148,5621,23226263,5344,28671822,15242,15708557,8212,108175880,20750,63998358,33306,536727543,27949,34556808,1849,7445080,2216,11036503,4712,4634995,3005,40555024,8984,30956845,12136,343604391,9833,13297834,554,3144107,843,4153850,1465,1983168,956,11570739,3867,12369057,3696,89065836
105年06月,台灣,女性,11627,9078580,4587,6914177,1655,4516428,13186,11737373,10322,35432250,9022,15242214,16249,20027747,229561,219456732,84785,146195465,33000,106917818,243736,189015361,165716,412250393,181735,346606592,374692,695159679,649198,706675076,198589,391653119,80497,323677988,584155,499620137,340191,1033674115,458114,967139942,1089308,2250907527,1116781,1240149397,297434,629672918,127149,575654161,798612,725340548,412594,1462615029,691451,1497522588,1663229,3883000406,1581234,1711523929,338413,752176449,159828,761220329,894681,876239844,476371,2015938896,854080,1885208228,2026722,5520613059,1626144,1765156772,278345,669128693,153191,809617675,799289,827180541,426097,2353046579,758953,1818225012,1795606,5763990639,1567757,1736037537,234155,635286962,145972,813268666,731368,767363553,356395,2333565478,659449,1787826240,1573531,6075554631,1252305,1468210955,165232,512119912,119935,690668215,571369,600242568,242168,1745382542,476760,1443908843,1187257,5469511686,846490,1027289840,96584,329620393,80362,494397281,363399,372496887,135015,1106141671,297723,945887181,713274,3901151386,551483,650391520,52876,189178671,47131,283484441,190668,195818746,74495,696312625,178799,562149157,390959,2426916458,253446,297082407,20591,73921845,19799,114755253,69117,74286582,30517,332162521,78315,238105660,139670,1037536794,76097,88059697,5276,18885706,5515,28647805,15967,17536121,8114,105700142,22411,72199151,33272,326272297,30481,36076367,1808,7884752,2499,11783805,4935,5411526,2905,37844735,9486,31427023,11818,128798043,18554,26793290,4009,16070334,2438,16837826,5823,9235957,5932,52101599,8749,26504716,25685,168296264
105年07月,台灣,女性,11751,9198719,4473,6889757,1717,4638079,11474,9287282,10589,34624933,9416,16125258,14823,22921101,240777,230962070,77969,130596659,34339,102503626,234262,173006530,176825,385249174,178379,341484471,396020,731086643,707521,770248148,187248,362359164,84978,333129294,592523,489149623,376598,994613924,457015,972764285,1119898,2262308989,1207925,1350995450,277910,566989541,132064,603844054,801859,709088037,443434,1362238817,689787,1485607159,1740022,3838527119,1689918,1848404025,320541,672643364,171024,811089365,901501,848293967,517305,1879020526,861193,1855111807,2116738,5405805121,1743326,1918929251,274930,627487676,171238,887871674,806009,797064900,467934,2190727820,784254,1845761605,1873995,5701445345,1683829,1913063441,239100,606196419,161596,875050812,724966,741714449,383413,2202248527,683284,1801998542,1661727,6079414641,1347600,1593724263,167985,498022069,125153,698395478,560646,578097813,250029,1585360336,485055,1418726137,1243946,5605796566,899433,1120128803,96766,314216182,80171,469838083,354160,357752893,133483,912846420,293642,929733890,745371,3965828897,583478,694295624,52012,176012860,46453,271061254,186913,181720736,71497,547119750,175311,554334699,409795,2610471717,266474,304401476,20083,67512878,19988,108294921,66888,63340618,29105,248504517,77822,234910197,157148,1143902927,79945,94143703,5133,16945278,5519,31276632,15573,16508725,7595,80009124,21790,64882759,35529,347584335,31385,38233293,1603,5347525,2395,11681754,4752,5083434,2759,28682853,9018,31240123,12587,138208815,19933,28857587,4043,15276556,2718,18208250,5852,9434010,6112,52610568,8871,25205924,26910,158074303
105年08月,台灣,女性,12001,9836402,4439,6896626,2065,6077546,13027,8989880,11337,35617828,9876,16616072,15638,32353805,232077,242541249,70054,120910249,33284,98617857,233348,170673486,177913,406445858,168083,320765808,355247,767586503,670322,789396761,167471,327436994,81278,297773857,591524,486056628,376236,1071980861,414285,856331343,1087063,2411359207,1119523,1369773312,250201,508304561,123219,525973435,799718,694413530,438688,1457732032,605132,1259604475,1702333,4068240503,1533589,1860315661,288232,598863339,159170,721685614,900938,820539920,501930,1942684433,743117,1561882228,2073711,5776236196,1580974,1945206762,248549,559780488,164663,835287590,822365,769073707,468291,2481130622,676872,1522085211,1861627,6435046711,1526758,1934478239,219928,562262313,156093,824243814,749940,720888915,403947,2876471490,601876,1499853124,1646569,7123480378,1233898,1630598093,160511,476492978,120579,644660767,584426,567380946,267951,2127541344,435585,1193755422,1244910,6733777863,836690,1134663018,95008,308837258,76411,415152453,372718,359401227,140998,1135826002,268793,777456337,751856,4783440186,543726,714605018,52802,180545286,45411,251182227,200109,187532967,75995,671975910,160536,458652781,413911,3173398336,249606,320091243,20676,70244892,19709,103682323,72089,64565565,31287,310550669,71446,200464142,155341,1435365797,74796,93610427,5169,17528345,5645,27173229,16686,15802472,8191,91473176,20388,56985371,35179,482142147,29697,39062185,1816,6903987,2321,10787139,5223,5338862,2940,31849505,8584,25387507,12539,157928031,19524,29320411,3756,13612273,2628,16053792,5993,8196384,6647,60381780,8643,23728350,27630,204782151
105年09月,台灣,女性,12613,10339645,4069,6181077,2285,6640170,14933,10677953,10803,22931094,9488,15999215,15746,24734720,216505,216220564,61731,111641554,31978,93862771,216552,159759747,169818,369791620,159252,337488244,333025,777823232,619892,713907514,150476,318128088,75353,290224467,539449,463670336,362022,1023394214,402294,1008565216,1019739,2476782530,1038403,1238253000,222224,493960110,110959,487638847,712400,641132484,413556,1406764297,592928,1548985181,1553584,3879860272,1438377,1686428917,246807,561947236,134928,600110467,786932,734300964,450916,1692290889,712038,1905672797,1882676,5199517940,1487133,1750594588,199236,496649194,131770,655178896,712963,678342440,402259,1838030070,628866,1830708172,1678483,5492843797,1430232,1726857776,174278,481984330,129524,658768077,656411,631064318,346990,2150281239,550637,1787297247,1482383,5751177917,1159081,1461157944,130888,419258720,105955,567166989,513219,504628842,242155,1860760806,407213,1460111632,1112381,5279409924,784618,1036048552,78119,282303907,68431,378670264,327466,323873205,132093,1187465745,254694,1003545063,658333,3624163439,516849,647111389,44404,166562047,40953,233314696,176054,177011916,72298,766442207,152737,630784594,369999,2265096137,239333,286121365,17138,68611301,17655,93044475,63810,61413666,30067,355583268,66997,255931582,134990,1027495792,71433,85612971,4278,18171355,4927,24234350,14716,14778637,7874,104091674,18416,72208368,32381,317419586,27818,34754177,1442,6656471,2082,11035858,4577,5074573,2971,40012273,7822,34040373,11670,131207946,17821,26974683,3205,14688785,2260,15939460,5546,8668505,6167,61343163,7616,27627839,25370,171381932
105年10月,台灣,女性,11779,8528128,4219,6812561,1538,3878754,14651,9653286,10922,17091277,10032,19073886,15887,20654243,215579,205210808,70000,130062941,30939,89456629,227177,173584070,174598,348541890,205526,487003050,352052,732905589,626131,701247937,172760,378790718,82544,318633929,573663,508566906,376491,1031679377,538977,1493927344,1075229,2362101917,1045379,1214118974,248762,579358301,124742,559474325,757712,715105940,433564,1422937101,775621,2258905859,1676195,3851914866,1455233,1657462950,277214,659353328,151050,692949109,847607,831648697,472889,1718585735,917788,2712945944,2008963,5244900159,1513785,1698985380,223889,567729898,143877,716335723,770212,758726501,414384,1707312258,818409,2580675282,1805053,5435806158,1436309,1663724559,188293,544670486,134755,707123043,697934,702535749,346609,1690782219,710014,2480631400,1563044,5541235018,1170485,1433063507,138424,466359648,114597,632912826,553988,576866469,247249,1552758085,534251,2112316028,1178540,5004093950,806053,1024502903,83801,313596624,77882,450425354,360930,372721274,144032,1143778701,337760,1453320205,712142,3481867277,534774,651388228,47565,186512107,48200,289608871,196870,204332940,80695,774797274,204551,887787263,401189,2249102575,253470,305309439,18712,75026607,20683,110964587,74653,78195860,34103,369637037,89688,393372714,147180,961108413,75411,90453918,4671,18910485,5900,32502759,17035,17595956,8915,111518119,24275,100814039,36069,323555366,29841,37873365,1457,6361546,2512,11853068,5250,5916915,3105,37702723,10128,45711973,13011,108425547,18830,27883892,3624,15669562,2630,18336824,6132,9667719,6535,58094102,9528,34202708,24553,157897182
105年11月,台灣,女性,11132,7418500,4429,8014571,1451,3508844,15753,10875450,9964,18504719,8956,17829389,15965,22226722,207558,178050461,72922,147285025,31741,94360075,238164,175268192,166621,364560959,186980,431541599,369104,756193114,591514,578075053,175343,404254240,86246,337845284,592585,505753813,364354,1074176360,507061,1384929036,1163297,2460651343,986446,962316502,260189,637913538,130285,607753652,782187,717493430,417739,1459833502,745594,2177911239,1768810,4000940205,1405175,1314265458,307102,783728335,163924,801173052,880405,845043487,466912,1803925643,907453,2655521688,2209994,5590724078,1500632,1385772502,246991,693431206,158165,845987989,799497,789569229,414600,1837303473,829284,2664550544,1957830,5894876247,1412740,1342355680,195212,617525511,146757,827164560,716894,720473228,343776,1790197167,725270,2650394008,1699684,5872823063,1132504,1120328836,137708,503306230,124103,743157440,561310,582650545,247070,1537562005,552938,2222609486,1270795,5304523310,769977,801587408,83210,346778927,86267,532285598,365075,379484169,143750,1082686361,363775,1628343245,764358,3787911520,513118,522591462,47969,210874718,52587,334778980,199196,206209711,80029,695270325,228415,1004953285,423318,2393182792,249936,247401840,19135,86071569,23313,133166777,77489,77866770,34335,334859846,105924,466343377,165644,1108511814,74726,77823140,4820,21086966,6618,38860831,18078,17802776,8996,100323109,29989,136231940,41295,372602765,30819,33016118,1771,8391384,2628,13835863,5694,5944226,3314,36954017,12963,65684049,14211,119170217,18241,26304367,3875,17917464,2670,21017826,6158,10314906,6258,52469378,10752,48717480,28009,204571324
105年12月,台灣,女性,13022,9491461,5479,9608530,1752,4519326,18087,12867172,10926,22557449,10368,18765533,16926,20751606,235217,214136779,88350,173875974,35297,101935146,269950,204939343,176494,369976527,203597,408962865,380331,850831541,657404,684579889,215334,489169577,91779,350522044,652315,563361499,386860,1056274081,520027,1177735955,1158305,2734430197,1065533,1099850857,313776,754314675,132203,578111746,833528,786329573,442224,1434640330,737208,1735848736,1757971,4380308308,1510925,1499774624,375458,941129785,166977,768175847,926571,930587404,500860,1798743146,914605,2209430684,2182180,6146801656,1625834,1602133239,321144,871248408,164018,828197443,846786,873139084,452469,1894809362,854468,2223159948,1970584,6656705397,1519374,1542832393,255413,783147850,152153,809805596,748315,784514704,365881,1765996391,720264,2124318936,1680563,6838317178,1212888,1284322233,176913,630703893,130089,750753054,589629,629647554,259117,1449300921,521025,1708353025,1260334,6130808911,820930,907386133,103379,409181159,88938,534437268,379021,401315658,146537,949927872,327015,1125603872,756679,4244118955,543849,587483700,58519,240910924,54809,348639806,206557,214204323,81244,596278173,200379,684368196,424320,2676185523,268042,275969795,23945,103040822,24785,131208242,81511,85430678,35011,267878433,91416,297174984,163743,1268372740,79189,95461695,5975,26202505,6773,37637883,18693,19193602,8913,77405765,25939,86297036,40679,418218562,32890,36806373,2132,10155101,2928,13450749,5962,6494942,3399,29906479,10658,38626811,14224,181268558,19567,29247901,4524,18798541,2888,21240552,6606,10539255,6560,50304545,10332,32237485,28352,211780491
106年01月,台灣,女性,10245,8506801,4252,7802203,1667,4306051,13062,9158869,10738,28595280,9172,17978384,13521,17813933,202330,208568890,76781,158055327,33210,105750025,231064,179628806,171662,385433257,180106,385152132,328975,709612112,585623,690552734,188083,431663795,85157,349482655,555715,501110946,367376,1060265273,459857,1104276017,1004427,2301054561,949499,1163719226,281551,676562845,126765,593815676,702730,684938208,419582,1420130187,664052,1632612460,1520918,3666028180,1349597,1668857754,362430,895097996,167729,848547003,784993,807392060,482815,1898224668,847331,2135257198,1899128,5213269598,1467084,1868867743,333127,889220055,175482,964970732,724563,777145007,450885,2242064390,822748,2250214770,1740132,5786318618,1404526,1881262614,273406,826041171,171249,1003058272,648675,710385671,372265,2196740863,718125,2190623267,1497949,6017168370,1152460,1613114163,183954,630704331,142847,834635191,516335,572795401,255681,1640760188,511992,1699467873,1119202,5245129288,792444,1136403351,103073,399323932,97704,601275149,333024,361669868,139140,962039694,308640,1113402196,681408,3719353516,525532,741630224,55923,225611115,59119,377135636,180429,199392619,75432,565848523,182232,641367118,375757,2235501019,264185,349288306,23143,93155702,26858,152354427,72581,77820893,32730,266763047,83011,284709438,192542,1051667092,78192,105604593,5752,23495239,7200,41678128,16685,17140434,8258,75359144,22845,75277217,36037,324343259,32461,46941712,1867,8005878,3041,16559329,5322,5784501,2985,29082395,9430,33533079,12810,144969185,19594,34314166,4477,19861522,2817,20151092,5977,8987428,6384,51456656,9430,32040266,27548,180443157
106年02月,台灣,女性,10134,8141260,3773,6501028,1959,4418546,14507,10125948,12554,28313589,9552,16674649,14997,22334833,189042,183115850,63208,123799340,34192,92599253,225047,184940894,186610,446675269,168553,348235613,330649,637781121,525267,563454248,146076,318420268,80753,282310888,524402,500875795,376833,1124224926,397509,910022633,950312,1993978820,828069,891489341,206797,467946006,117073,461903253,651865,672652351,418547,1461042616,545645,1265735041,1388890,3101738975,1166936,1223649326,246450,569177773,154448,641896472,722404,787302357,486074,1913913083,677161,1587635328,1761180,4297625212,1257978,1307990091,218195,545962532,156655,714909001,664762,741138518,463509,2411568079,638215,1602268208,1581660,4610862682,1192622,1285816351,189748,532180363,145982,704314672,596547,664166002,404587,3025238284,557700,1560904938,1373816,4894245294,953333,1066773613,141090,463565005,117732,586316310,473340,536693199,278329,2431938937,407214,1265701689,1018867,4131927161,638993,742452329,85201,308301049,77865,396049172,304950,358932965,146116,1174809093,249769,841037924,603606,2610637649,417537,476532493,47517,183404388,46805,250321190,167018,194080595,77302,610989092,148352,492097004,350936,1583707113,209938,227641372,19964,81075295,21029,102583428,67292,74869792,33477,296312848,67726,217340747,133489,696241697,62054,76253102,4845,17912316,5869,27446263,15448,16563330,8335,78607071,18731,60853684,36067,195973897,25630,31756476,1581,6476623,2409,10115075,4974,6209773,3002,27859563,7461,25933181,11890,68291415,15540,23575954,3056,12683444,2535,15583567,5382,8237251,6453,61509430,7547,23075735,22994,152204891
106年03月,台灣,女性,11984,8249599,3442,5721644,1513,3223336,17943,13168623,11608,21513448,8495,13509595,17111,18402225,228135,198291033,64848,118731109,30767,87422767,274650,220074077,193184,427147919,162634,325872405,389335,741093827,612782,615885436,156523,331827871,76488,280733056,629445,569665504,394794,1166993901,397405,894076124,1141166,2441707804,950587,989309659,226696,507666484,110146,454490130,781854,772168491,437721,1550928222,553473,1331923958,1741777,3899855693,1324626,1349333389,263849,612333382,138419,598334111,866799,917353680,493105,1985490364,676424,1666974756,2210502,5579611608,1411852,1408851591,218519,551798008,133887,645458516,787509,860145415,441477,2072891148,606869,1652953524,2064486,6123350524,1316987,1332326477,183103,539231323,127158,653212710,698942,762206566,361769,1992923838,521581,1583778459,1761939,6139798057,1063769,1134104926,139972,476068979,109599,568592693,552657,622885815,262833,1766276976,395564,1345366633,1323331,5402148421,738223,814295033,90535,337600380,78043,421087552,358335,416121689,157106,1296429809,258210,951728332,819731,3858879374,494428,549189788,52720,210231812,49031,280341976,199293,228495779,90243,897986987,159218,595325653,452068,2398881427,254942,264516322,22793,89141732,22503,109583663,80946,90137270,40952,449340074,76053,275074136,186138,1059236106,75945,80933598,5677,23942071,6378,30730170,19185,21045517,10757,129712787,20990,77414872,44876,373035983,30628,34320549,1743,7998319,2654,12578337,6191,7209999,4024,48605071,8883,36094857,15766,140811854,18595,26849587,3301,14640134,2295,15571489,6142,10558518,6692,60330496,8373,29382342,30357,193168729
106年04月,台灣,女性,11825,8324501,3761,5783389,1546,4410944,15905,11886075,11565,20081261,8343,14742635,16822,17851967,241541,207482513,68661,120580891,31619,95724610,269272,197243320,200202,390278427,176988,378659790,379774,646295165,651134,654579781,170855,353420962,81408,331859217,629539,521170218,408966,1047363320,449131,1119438545,1145768,2178140387,1014206,1050277709,254094,559751751,118753,546442433,786893,706531664,444984,1384377644,632891,1659063362,1620338,3501086766,1437319,1457259126,304317,684158298,152664,747849666,877121,849802547,496975,1780187489,780270,2087056043,2026106,5018290665,1548334,1545183734,257713,616179460,150680,801586748,801987,818312776,450103,1926133344,721146,2066187275,1884998,5449380524,1459635,1485515849,211445,580242047,141018,788562740,716763,745226109,368084,1825443874,619827,1992790894,1586528,5422315811,1162544,1233743573,153907,487227160,119213,704611899,563585,593713277,261272,1644953485,463667,1622236486,1194009,4754246384,790292,873538942,95615,341029631,82168,516624407,367685,394181737,153318,1223293578,298399,1161550936,711740,3258725930,520221,571784742,55170,208070678,50506,342788199,201964,215368658,85970,839950836,182292,710253698,406288,1995815839,266604,281732731,23372,88280448,22975,126013469,81772,84023665,38935,436689927,86903,344144237,159680,943248596,79174,88077335,5890,22697948,6585,38690950,19084,19858069,10447,130679190,23704,88942120,39115,279826480,31814,36575282,1890,8310634,2674,13269007,6116,7196931,3856,50876285,9804,39974087,13909,133419576,19002,29752928,3513,14940455,2447,16712395,6083,10217263,6144,50438766,8938,30869413,25208,145713386
106年05月,台灣,女性,11590,9255137,4247,6472240,1573,4139149,16722,14229729,10662,26169775,8914,15314293,17450,18038930,231921,224240854,76118,131692505,31955,96385938,269607,206720837,175840,388440097,183208,368924850,393135,743696193,627556,692001145,182466,372539323,81562,319606933,608518,514173998,365046,1051633687,447324,1000840779,1158098,2895513020,960784,1079039298,266537,570388740,117679,509622325,750807,683986533,410460,1432918979,619327,1439344009,1720201,5122410585,1341639,1478628749,320272,710150880,151771,720379066,841028,834519113,471447,1921255982,765216,1834297564,2199430,8152925935,1419541,1543220742,274186,660524420,148386,772815025,772954,796059914,430985,2157076060,711462,1831114673,1952274,9532017518,1329675,1485884436,229765,629567504,138075,755222437,691460,735091857,359692,2138726453,619159,1794146162,1674784,10610707491,1069758,1248341171,168192,529868900,117395,664874042,542439,581777581,258567,1831734796,468476,1515412449,1259501,9915978112,742543,880820669,104406,371688512,82206,473539968,355996,387305022,153099,1348384240,304084,1045491268,808776,7057402457,490869,580833137,60327,225669429,50976,318429457,195833,211472580,86993,966844916,186373,636700924,426243,4768920446,252848,282343721,26053,96153431,23456,122823434,80399,82700944,39254,493424357,88547,299962798,170925,2741377625,74605,84024471,6764,28272052,6631,34063217,19248,20513826,10665,146311041,25251,86887389,42709,744799525,30219,36194616,2230,8791755,2682,14673161,6087,7217764,3725,52426475,10452,35471089,15241,295913398,19208,29796660,3946,15840656,2456,18669454,6340,10272990,6259,61074336,9255,29415963,27727,232959486
106年06月,台灣,女性,11413,9356847,4045,5950190,1904,4755003,13977,12916007,10994,35406927,9054,14071964,17389,20820725,206313,204860226,71471,120264445,31497,97660269,233544,189993434,176729,403718120,169676,308933161,374364,640911111,558911,601620059,170397,334182890,74133,300369911,535092,477028468,364070,1011806324,404952,812856712,1035162,2144289686,854393,954037011,247390,514768947,106860,494862777,646354,640626688,401885,1324740804,563868,1169629260,1511218,3482373165,1204329,1344414459,293432,641782130,139522,691765505,731385,776232063,461672,1892267897,710508,1540381834,1935227,5172916267,1261763,1403271315,247923,589071346,136744,733760779,673867,739898218,419466,2330643680,659532,1557267498,1745581,5799670810,1184513,1329713028,202530,539942824,131968,758144540,601795,685053396,346454,2360966222,568083,1505727756,1507502,6142417903,973173,1128006385,147083,457391538,112360,650866772,473590,553650423,247803,1861442990,423440,1252687824,1127426,5712678870,684219,803646508,90909,310658263,78925,463771145,305888,354254387,143300,1212933179,270241,840049264,677544,4060480329,452028,523281960,51547,183811093,48922,311774925,166198,191645030,78891,797359651,165120,525855700,374275,2559617425,236029,257900988,22541,78921732,22386,117974802,68990,78447634,35978,423243207,80294,264820069,151976,1312096502,69741,77832176,5788,21702872,6316,31498478,16344,16919858,9643,125012763,22820,131681508,43621,501350315,28027,33383792,1882,7300680,2669,12676835,5243,6131386,3511,48642276,9518,28873637,13047,231574175,17268,26999848,3403,12947519,2422,17783990,5958,10224095,6144,60161040,8309,24266495,26420,188155784
106年07月,台灣,女性,12475,9745647,4585,6572962,2343,5616071,13309,11595484,12055,34709836,10332,17837039,16745,23292038,230370,221328581,73023,121011756,37126,109782889,243672,191631419,181342,393499893,180646,333422119,380633,680865630,648395,682901607,181084,345136143,86797,349328129,573408,495905278,378434,1014558806,442324,912294137,1111687,2245361311,973133,1053198567,258389,519900452,124312,567962506,687470,651007095,417459,1307511263,615768,1296670361,1587876,3476593366,1378758,1481939897,315578,655042847,172285,840331944,780328,802406348,503370,1872162877,802319,1711751921,2007699,5014682544,1456120,1577176286,277643,621528536,179684,945545535,724073,774947030,474965,2313894855,773698,1805410111,1837820,5456113757,1374324,1537026515,233695,592516918,173347,955998747,642791,725860625,387678,2306018973,670629,1758088229,1609004,5709018618,1121878,1287766202,167953,495532824,139830,805604755,506186,574236375,264481,1765771887,485284,1426679812,1176610,5205489988,775267,898291524,101340,331116838,92170,535915392,327645,366279491,147632,1059309164,296881,921499314,704674,3688079027,510025,578903635,56499,199397030,56253,346148725,179686,196327124,80103,654462152,179387,556948158,412165,2335567899,267512,293969847,24524,83345341,26253,141091624,75340,77202908,36120,336833402,87217,269149170,160613,1264002997,80040,89873788,6106,21170020,7735,39763851,17907,19556691,9683,101350557,24871,78666315,38888,404401502,31660,38558844,2036,7787786,3264,16470513,5607,5905748,3429,35732185,10080,33166919,13112,152790957,19288,28675145,3718,14312417,2788,17613961,6113,10389747,6069,50227770,8894,26560873,27087,149241562
106年08月,台灣,女性,13985,11410744,4401,6606666,2595,6673090,15464,11851247,12769,36432156,11187,18085534,18196,28859165,238626,243323322,67337,113011462,37537,108321986,254601,201671071,185022,423392182,182739,345179275,386650,737424583,669328,745104031,167207,316454943,88516,326526296,604012,541097835,378118,1084747831,436971,883856604,1131745,2318886389,990466,1137284968,234150,464751979,125317,535156336,717394,698099621,421800,1392781544,590202,1224573206,1610550,3518609278,1402122,1624589660,285951,586114532,176119,794431839,810389,846370295,506458,1938018511,760407,1596855446,2025179,5088025083,1485205,1722228695,252532,564291477,187156,939360465,748744,810085889,482021,2578488594,724054,1627915315,1933139,5785647445,1409073,1677290177,216479,548465256,179648,940156420,664751,738591601,406140,2881458150,635119,1594039778,1585944,6123062009,1168215,1432304794,162879,473036523,142702,764111345,522004,590261617,283432,2243136293,474935,1328689110,1189626,5552467528,820794,1007026761,100606,328836952,94124,503052644,337823,390777393,158603,1311011093,296438,859759283,730202,3842165169,543255,650665486,56278,189821904,56845,316155243,183537,202881666,85814,779216737,179325,508700503,393714,2534516357,286168,326770235,24426,84327756,26373,130778175,77365,83985461,38654,387126068,87977,242755225,172155,1211696823,86069,100878382,6028,21778670,7599,37450153,18405,19432270,10447,114851269,24346,68895593,40686,375155140,34056,42314110,2020,8241954,3082,14871289,5872,6550350,3673,43276635,10394,29448201,13972,125819869,20275,32670916,3335,12275488,2727,18563756,6127,9665876,6576,64553941,9022,28007061,26849,188944224
106年09月,台灣,女性,14030,10963898,4445,6560087,2971,7127253,19336,13984199,12709,25858032,10527,16866867,20092,31226552,222374,218505827,63251,109308510,35639,98378139,252370,197460508,184952,417367748,167056,335632864,378693,776106862,617458,688981920,155516,319979715,79565,299479484,581515,526478481,377211,1138786042,403546,955091418,1082871,2405619748,908573,1060106088,215643,478349756,110529,486462993,683787,683804612,407576,1461995137,537673,1351638494,1533458,3581820695,1282762,1495917338,254969,580843561,142681,652729389,767446,815987903,473875,1894308995,671216,1744875704,1948855,5113358444,1343428,1580036226,213800,520618591,140714,735828772,708290,759782998,438277,2165277192,613631,1757806288,1788040,5562826972,1282541,1542195928,183499,503011109,143785,763036896,631972,702515727,377746,2560259577,540384,1712869419,1558572,5942937666,1070628,1331093024,142214,442903063,122315,678372310,503397,572493621,274218,2307906885,415067,1466507672,1148358,5312541256,761792,954163623,90083,326013319,83416,461027676,330489,377583269,158233,1488681976,270289,1026063415,732067,3806669252,503566,621024234,50809,196126871,50516,294737413,180656,208190817,86124,958707555,164688,648766716,394621,2506799838,265676,303750799,22389,87378869,23917,119201142,77241,85043195,39652,514591260,81046,307288176,157565,1278386880,79969,91184707,5549,24862573,6897,33702644,18028,19450990,10431,139405811,23138,88067134,40963,436449616,31292,39185257,1879,8119480,2780,12753509,5804,6296115,3778,48890394,9546,40913937,13929,168244757,19200,31743557,3033,13023331,2387,15999113,6074,10767379,6754,68306887,8297,33050985,25832,196721199
106年10月,台灣,女性,14372,10372929,5035,8123637,1927,4563280,18724,14251512,12622,20348667,11545,19773578,20578,22250651,235710,234272232,74055,135363120,34830,102233351,257122,214557898,192671,416182390,223019,528613032,396385,729337017,643061,686839224,183798,392620670,87926,343446379,591229,581128722,395051,1155798172,558003,1577674107,1142130,2290875472,944674,1045559901,257619,577923395,124294,582425102,694073,751995751,427620,1441952759,734015,2185817794,1578727,3388486969,1347861,1480592749,309647,711854521,165470,826275737,785649,891060160,494020,1823821719,919080,2838050346,2003438,4882678792,1406731,1557731702,252405,623265967,162249,870716515,724073,821612386,443025,1881310188,848651,2849008505,1819700,5227039557,1310605,1490162307,204759,570148617,155499,870133623,640334,746136301,370484,1877743952,741725,2693796171,1569341,5428612178,1074839,1281652666,152643,492388771,134962,784350089,515573,623060351,275454,1738604881,562296,2288631968,1188768,4817684029,758968,941247055,96101,345538989,96418,574680025,345103,425356151,167796,1351562798,366925,1623698981,734721,3477063892,503335,618078974,54895,209136712,59790,382560414,190503,235293429,93873,912477248,223748,1002667264,425105,2134666500,266927,311924127,23681,90610702,28386,158099650,82137,96062043,43077,464123379,109146,472239899,171726,1085868377,82032,98016837,6089,26979354,8402,46323577,19423,22108980,11708,136723955,30774,141012178,43245,299876333,31635,41184664,1932,8675569,3187,15800519,6162,7251143,4105,53964777,11725,52091580,14859,151054323,19034,30546295,3500,15630832,2841,20986502,6169,10796307,6487,64952121,9927,39295494,25962,153078073
106年11月,台灣,女性,13921,8360796,4641,7762199,1865,3724261,19293,13311445,10726,17764622,9709,17439906,22121,24259375,241594,218046603,74942,147944076,34617,99277937,262622,203062966,170683,353998919,208776,483822613,428481,833219394,634718,642531832,179980,410155858,85904,338585773,590847,523096776,355726,1021865685,521869,1437390857,1205934,2675132583,913282,969896033,245521,584072379,119197,547917261,684151,692567771,389535,1314913145,694752,2076242014,1665762,3957804940,1296608,1393856546,304336,754438336,155809,742618938,773034,845677223,463441,1737994684,887505,2682582782,2125543,5633293295,1334943,1460862765,251293,678026634,151476,802854711,712229,805327206,420276,1847292695,830199,2758983983,1918077,5966206095,1233360,1382032287,197043,604786840,147504,813420826,630434,727784090,348175,1826069148,735836,2709323400,1640467,6090491185,1016173,1200803030,145548,507469153,128974,744368480,502925,596979647,261564,1628148317,572525,2390781341,1238409,5533092617,727778,889834831,92130,364345056,92946,572206950,339287,410289060,160993,1190375188,385610,1738132169,762910,4094973039,488814,597475351,52733,218089509,57619,370740789,188998,225516072,90936,790225612,244690,1119050992,440642,2646041429,263209,304345093,23574,100231924,26633,145991747,82515,88708049,42120,409563339,124457,567769789,181169,1353444103,81147,94661363,6317,27648667,7817,41483196,19823,21602650,11417,123653809,35988,163839753,46146,448797707,31547,38492744,2055,9715791,3007,14606918,6233,7345275,3926,44215914,14445,70247068,16087,174523179,18610,30118161,3515,17671987,2707,19007663,5972,10597697,5987,54127696,10784,50084830,26729,202848435
106年12月,台灣,女性,17039,11117113,6286,10092770,2387,4815108,22517,15858681,13386,22511000,12179,20278537,23224,24383496,282599,282979862,93297,179389823,40849,113948993,295117,239942593,203392,390404055,224867,453935927,439356,849446572,723239,749985928,220813,498321272,98310,365758441,644437,596771877,409272,1044754777,537167,1214322357,1200799,2741436863,999851,1083152949,299093,706915098,127917,566519562,730395,758656273,429879,1312760813,678812,1584757198,1631941,3979006789,1408542,1520545371,379265,943177369,168122,781920996,825723,942490576,511333,1745876867,885622,2086893512,2079094,5831032025,1453610,1635643294,328196,868676753,167219,843792432,761610,891726244,471043,1899874921,846520,2196361319,1887011,6449061096,1337803,1563765213,264562,782845500,161436,857225297,675480,799656299,389920,1820942028,732468,2117257227,1597643,6582067766,1093458,1344299489,189075,651695298,138892,776628139,539502,658741575,283920,1571325262,539954,1811148808,1207591,6128609217,772972,991840445,113757,440901081,99737,607342184,360943,445759656,171081,1084372644,343637,1179448385,746783,4432664364,512533,655074605,63845,259457334,61222,378316500,200089,241240005,93040,676866945,208226,700699949,415418,2706037537,277786,337099013,28479,114982095,28983,157290733,87213,96484193,42878,342288240,103491,340431208,177356,1423686931,86144,106707646,7362,35584951,8547,46403168,20966,23423480,11390,95790627,30204,102472009,45864,480120521,33451,43615160,2378,11019364,3388,16393846,6599,7821553,3969,34663718,11475,42168486,15939,201542714,20146,33309864,4348,19530858,2679,19408559,6162,10710378,6195,46266064,9862,33170262,26911,193615115
107年01月,台灣,女性,12114,8372823,3552,5995083,1761,4147673,14064,10209834,10343,26060310,8233,14851830,18422,20412954,230396,203493461,66812,129336191,33297,97563749,248476,207944748,175547,391304925,162162,322853689,401812,739608949,621724,631721859,169744,378776956,82071,315821807,577404,560537021,370021,1070047647,396157,873745362,1143263,2408394598,862599,945618217,237450,556381764,111089,524041289,656742,702959585,388107,1334822171,509899,1180264313,1559869,3514924790,1215771,1370365275,305901,758053675,148069,726314611,749904,862124338,464232,1882733762,676624,1608850078,1994493,5203244340,1264351,1491154081,263712,707459070,148636,817857735,683803,820528854,435813,2216049367,651720,1691536038,1823436,5780481037,1175598,1450580185,212799,651368068,144205,811252458,601620,733229499,367527,2168667428,566431,1655232304,1555485,5969039757,969379,1273104483,154534,554071179,124837,745991094,476154,605214723,266372,1744530067,423835,1375217437,1182472,5390240313,690644,947130683,95271,378456072,89223,545880375,316591,403595711,157757,1136349248,270600,952740186,737702,4015637796,457188,626186390,53679,226240349,54700,340070690,174530,222087923,85367,673172415,164242,585993335,409756,2437654138,251485,320691695,24216,101912667,27558,153336081,77206,93280702,39866,350032938,82853,303643490,177471,1285577052,77837,99017355,6508,29183551,7801,40113983,18514,22186654,10942,104067666,24045,84707937,45068,414704045,29666,44246847,2110,10577328,3109,16031427,5704,7028198,3764,36788574,9406,36257735,15526,177964198,17535,29366596,3531,15973480,2470,14516295,5839,9414105,5952,51434189,7946,26043243,25865,177920753
107年02月,台灣,女性,12142,9972733,4501,8281449,2055,4641185,13376,9550519,13110,31073960,9905,19295775,18045,24570530,242705,236717569,74617,154451604,37219,111111595,229835,185267667,194824,446063800,193689,426771594,368535,710107160,658757,720244653,173063,397398639,88171,327932905,515578,469977764,377871,1065077490,465524,1142124136,995749,2084230546,902839,1061944305,228305,545277616,116656,516692099,582709,588077697,386171,1249718038,593788,1473000746,1332193,2975082996,1281969,1578304605,301124,739876937,161216,731383699,670671,728805709,465206,1700558670,798137,1979317369,1713902,4230169076,1359311,1782100973,281446,731215823,168082,845779303,621216,709714976,447526,2224361630,787194,2108943320,1571067,4658569294,1296125,1793659835,242205,702623628,167229,892929239,560792,645558296,396441,2829343260,701592,2040785751,1351719,5085890226,1089086,1592167523,173720,577613573,142592,791051489,454619,537406806,284341,2304191962,521158,1700922910,1024618,4497214627,777228,1162523948,101870,372283664,98164,568526673,307516,362332195,156661,1200044698,321011,1101156191,627958,3048319105,508491,758294030,54448,212149551,57829,337280393,169673,196719120,80310,617533550,184652,623716619,344593,1791082357,278936,392801842,23730,92261939,27223,149715405,74267,84253270,36616,292908291,91154,303273388,147812,923599627,86773,122717389,6106,25323282,7873,44151409,17777,19850411,9901,88938339,26067,86945671,38194,307489465,33066,51225118,1894,8508612,2993,15660890,5496,6252536,3477,29308015,9728,33838058,12899,110131315,18717,35900568,3417,14703592,2547,16335459,4943,7316098,6052,63319063,8375,26480772,20892,125138458
107年03月,台灣,女性,15009,9751849,4052,6915536,2019,4713173,22464,16713866,12918,26365559,9182,15640033,23070,26403677,281811,227752598,69393,126069931,37853,102552244,299273,254240545,197465,474057537,183459,381376071,445353,827921391,721189,653708838,163311,349908533,86540,307292561,633097,619744236,388083,1260399445,420506,991665930,1195495,2663147262,956334,942209272,218042,500555255,112876,482992704,714093,761561168,405191,1554192487,526410,1303711900,1630662,3884637023,1311550,1320077085,265627,628699862,146140,652635857,816076,933498793,487935,2086301105,669670,1730309821,2113809,5652521502,1338244,1394160903,218281,543896505,141602,697779789,749764,905782981,447840,2262729419,625159,1741977304,1948381,6305869854,1231273,1328261571,181604,523664830,134254,697222690,663779,799669160,374568,2195414665,542239,1634500757,1668331,6407316964,1024423,1164953706,145886,485374289,119845,651613084,536990,657607852,283745,2020769849,425818,1428111234,1293709,5899297630,749284,892349284,98529,360673401,87351,472430105,365424,454006128,178494,1542772187,285148,1020214256,823878,4659181430,495000,590941540,57722,226216220,54244,327177452,205505,251930781,100991,1026285146,172785,644744622,459296,2822695268,278877,321726510,26840,108517319,27223,137193824,93805,106892088,49521,560158230,88888,325166216,199556,1418730245,86979,102218553,7322,32271393,8134,39004029,22896,27622560,13884,167432978,26086,99051747,50827,448782366,33691,42065183,2199,9019927,3106,15054358,6995,8812198,4803,60498681,9915,43726255,17383,184858241,18715,29455312,2984,13734708,2494,15146750,6249,10862535,6468,65422467,8123,32143905,25975,183296063
,,,,,,,,,,,,,,,,,,,,,,,,,,,,,,,,,,,,,,,,,,,,,,,,,,,,,,,,,,,,,,,,,,,,,,,,,,,,,,,,,,,,,,,,,,,,,,,,,,,,,,,,,,,,,,,,,,,,,,,,,,,,,,,,,,,,,,,,,,,,,,,,,,,,,,,,,,,,,,,,,,,,,,,,,,,,,,,,,,,,,,,,,,,,,,,,,,,,,,
,,,,,,,,,,,,,,,,,,,,,,,,,,,,,,,,,,,,,,,,,,,,,,,,,,,,,,,,,,,,,,,,,,,,,,,,,,,,,,,,,,,,,,,,,,,,,,,,,,,,,,,,,,,,,,,,,,,,,,,,,,,,,,,,,,,,,,,,,,,,,,,,,,,,,,,,,,,,,,,,,,,,,,,,,,,,,,,,,,,,,,,,,,,,,,,,,,,,,,
備註1,,,,,,,,,,,,,,,,,,,,,,,,,,,,,,,,,,,,,,,,,,,,,,,,,,,,,,,,,,,,,,,,,,,,,,,,,,,,,,,,,,,,,,,,,,,,,,,,,,,,,,,,,,,,,,,,,,,,,,,,,,,,,,,,,,,,,,,,,,,,,,,,,,,,,,,,,,,,,,,,,,,,,,,,,,,,,,,,,,,,,,,,,,,,,,,,,,,,,,
首列「20[含]-25[筆數]」係指「年齡20[含]-25持卡人交易筆數」，「20[含]-25[金額，新台幣]」係指「年齡20[含]-25持卡人交易金額」，其他年齡層亦以此原則類推。,,,,,,,,,,,,,,,,,,,,,,,,,,,,,,,,,,,,,,,,,,,,,,,,,,,,,,,,,,,,,,,,,,,,,,,,,,,,,,,,,,,,,,,,,,,,,,,,,,,,,,,,,,,,,,,,,,,,,,,,,,,,,,,,,,,,,,,,,,,,,,,,,,,,,,,,,,,,,,,,,,,,,,,,,,,,,,,,,,,,,,,,,,,,,,,,,,,,,,
